Workbook

Sheet Données brutes
A1: EXPORT ERP BRUT — DONNÉES D'ACHAT (EXEMPLE PÉDAGOGIQUE)
A2: Module 07 — Systèmes ERP Humanitaires — BK-BOOST Ltd. — Données fictives, volontairement sales (doublons, dates incohérentes, devises mélangées) pour l'exercice de nettoyage Power Query.
A4: N° PO | B4: Fournisseur | C4: Article | D4: Date commande (saisie brute) | E4: Montant (saisi brut) | F4: Devise (saisie brute) | G4: Statut
A5: PO-2025-011 | B5: Kivu Motors SARL | C5: Pièces détachées véhicule | D5: 12/03/2025 | E5: 1250 | F5: USD | G5: Livré
A6: PO-2025-012 | B6: AfriMed Supplies | C6: Kits médicaux | D6: 2025-03-14 | E6: 3400 | F6: US$ | G6: Livré
A7: PO-2025-013 | B7: Bunia Fuel Co. | C7: Carburant diesel | D7: 15/03/2025 | E7: 980000 | F7: CDF | G7: Livré
A8: PO-2025-014 | B8: Kivu Motors SARL | C8: Pneus 4x4 | D8: 18/03/2025 | E8: 2100 | F8: USD | G8: En cours
A9: PO-2025-014 | B9: Kivu Motors SARL | C9: Pneus 4x4 | D9: 18/03/2025 | E9: 2100 | F9: USD | G9: En cours
A10: PO-2025-015 | B10: Uganda Freight Ltd | C10: Transport fret Kampala-Bunia | D10: 20/03/2025 | E10: 1500 | F10: EUR | G10: Livré
A11: PO-2025-016 | B11: AfriMed Supplies | C11: Kits médicaux | D11: 03/22/2025 | E11: 2200 | F11: Dollars | G11: Livré
A12: PO-2025-017 | B12: Bunia Fuel Co. | C12: Carburant essence | D12: 2025-03-25 | E12: 610000 | F12: CDF | G12: Livré
A13: PO-2025-018 | B13: Kivu Motors SARL | C13: Batteries véhicule | D13: 05/04/2025 | E13: 890 | F13: $ | G13: Livré
A14: PO-2025-018 | B14: Kivu Motors SARL | C14: Batteries véhicule | D14: 14/04/2025 | E14: 890 | F14: $ | G14: Livré
A15: PO-2025-019 | B15: Uganda Freight Ltd | C15: Transport fret Kampala-Bunia | D15: 27/03/2025 | E15: 1500 | F15: EUR | G15: Livré
A16: PO-2025-020 | B16: AfriMed Supplies | C16: Consommables labo | D16: 2025-04-02 | E16: 1780 | F16: USD | G16: En cours
... A19: PO-2025-023 | B19: Goma Electronics | C19: Ordinateurs portables | D19: 2025-04-11 | E19: 4200 | F19: USD | G19: Annulé
A20: PO-2025-024 | B20: AfriMed Supplies | C20: Kits médicaux | D20: 12/04/2025 | F20: USD
A21: PO-2025-025 | B21: Uganda Freight Ltd | C21: Transport fret Kampala-Bunia | D21: 15/04/2025 | E21: 1600 | F21: EUR | G21: Livré
A22: PO-2025-026 | B22: Bunia Fuel Co. | C22: Carburant diesel | D22: 2025-04-18 | E22: 1020000 | F22: CDF | G22: En cours
A24: Notes pédagogiques : PO-2025-014 est un doublon EXACT (double saisie lors d'une coupure internet). PO-2025-018 apparaît deux fois avec des dates différentes : c'est probablement une commande répétée légitime, pas un doublon — à ne jamais supprimer sans vérifier le numéro de PO et la date. PO-2025-024 a un montant et un statut manquants.

Sheet Données nettoyées
A1: DONNÉES NETTOYÉES — LOGIQUE DE TRANSFORMATION (FORMULES)
A2: Démonstration pas-à-pas de la logique de nettoyage par formules. En conditions réelles, cette transformation se fait avec Power Query (Données > Récupérer et transformer) — voir le guide pas-à-pas dans 02-outils.md du Module 07.
A4: N° PO | B4: Fournisseur | C4: Article | D4: Date brute | E4: Format détecté | F4: Date normalisée | G4: Montant brut | H4: Devise brute | I4: Devise normalisée | J4: Taux appliqué | K4: Montant converti (USD) | L4: Occurrences identiques (exactes) | M4: Doublon exact ? | N4: Statut | O4: Anomalie / à vérifier | Q4: Taux de référence appliqués (à documenter chaque mois)
A5: ='Données brutes'!A5 -> PO-2025-011 | B5: ='Données brutes'!B5 -> Kivu Motors SARL | C5: ='Données brutes'!C5 -> Pièces détachées véhicule | D5: ='Données brutes'!D5 -> 12/03/2025 | E5: =IF(ISNUMBER(SEARCH("-",D5)),"ISO (AAAA-MM-JJ)",IF(VALUE(LEFT(D5,FIND("/",D5)-1))>12,"JJ/MM/AAAA (1er nombre > 12 = jour)",IF(VALUE(MID(D5,FIND("/",D5)+1,2))>12,"MM/JJ/AAAA (2e nombre > 12 = jour)","AMBIGU - A VERIFIER MANUELLEMENT"))) -> AMBIGU - A VERIFIER MANUELLEMENT | F5: =IF(E5="ISO (AAAA-MM-JJ)",DATE(VALUE(LEFT(D5,4)),VALUE(MID(D5,6,2)),VALUE(RIGHT(D5,2))),IF(E5="JJ/MM/AAAA (1er nombre > 12 = jour)",DATE(VALUE(RIGHT(D5,4)),VALUE(MID(D5,FIND("/",D5)+1,2)),VALUE(LEFT(D5,FIND("/",D5)-1))),IF(E5="MM/JJ/AAAA (2e nombre > 12 = jour)",DATE(VALUE(RIGHT(D5,4)),VALUE(LEFT(D5,FIND("/",D5)-1)),VALUE(MID(D5,FIND("/",D5)+1,2))),"—"))) -> — | G5: =IF(ISBLANK('Données brutes'!E5),"—",'Données brutes'!E5) -> 1250 | H5: ='Données brutes'!F5 -> USD | I5: =IF(H5="","(vide)",IF(OR(H5="USD",H5="US$",H5="$",H5="Dollars"),"USD",IF(H5="EUR","EUR",IF(H5="CDF","CDF",H5)))) -> USD | J5: =IF(I5="USD",$R$5,IF(I5="EUR",$R$6,IF(I5="CDF",$R$7,"TAUX INCONNU"))) -> 1 | K5: =IF(OR(ISTEXT(J5),ISTEXT(G5)),"—",G5*J5) -> 1250 | L5: =COUNTIFS('Données brutes'!$A$5:$A$22,A5,'Données brutes'!$C$5:$C$22,C5,'Données brutes'!$D$5:$D$22,D5,'Données brutes'!$E$5:$E$22,G5,'Données brutes'!$F$5:$F$22,H5) -> 1 | M5: =IF(L5>1,"OUI - doublon exact, a verifier avant suppression","NON") -> NON | N5: =IF(ISBLANK('Données brutes'!G5),"—",'Données brutes'!G5) -> Livré | O5: =IF((IF(E5="AMBIGU - A VERIFIER MANUELLEMENT",1,0)+IF(M5<>"NON",1,0)+IF(ISBLANK('Données brutes'!E5),1,0)+IF(ISBLANK('Données brutes'!G5),1,0))=0,"—",TRIM(IF(E5="AMBIGU - A VERIFIER MANUELLEMENT","Date ambigue; ","")&IF(M5<>"NON","Doublon potentiel; ","")&IF(ISBLANK('Données brutes'!E5),"Montant manquant; ","")&IF(ISBLANK('Données brutes'!G5),"Statut manquant; ",""))) -> Date ambigue; | Q5: USD | R5: 1
A6: ='Données brutes'!A6 -> PO-2025-012 | B6: ='Données brutes'!B6 -> AfriMed Supplies | C6: ='Données brutes'!C6 -> Kits médicaux | D6: ='Données brutes'!D6 -> 2025-03-14 | E6: =IF(ISNUMBER(SEARCH("-",D6)),"ISO (AAAA-MM-JJ)",IF(VALUE(LEFT(D6,FIND("/",D6)-1))>12,"JJ/MM/AAAA (1er nombre > 12 = jour)",IF(VALUE(MID(D6,FIND("/",D6)+1,2))>12,"MM/JJ/AAAA (2e nombre > 12 = jour)","AMBIGU - A VERIFIER MANUELLEMENT"))) -> ISO (AAAA-MM-JJ) | F6: =IF(E6="ISO (AAAA-MM-JJ)",DATE(VALUE(LEFT(D6,4)),VALUE(MID(D6,6,2)),VALUE(RIGHT(D6,2))),IF(E6="JJ/MM/AAAA (1er nombre > 12 = jour)",DATE(VALUE(RIGHT(D6,4)),VALUE(MID(D6,FIND("/",D6)+1,2)),VALUE(LEFT(D6,FIND("/",D6)-1))),IF(E6="MM/JJ/AAAA (2e nombre > 12 = jour)",DATE(VALUE(RIGHT(D6,4)),VALUE(LEFT(D6,FIND("/",D6)-1)),VALUE(MID(D6,FIND("/",D6)+1,2))),"—"))) -> 45730 | G6: =IF(ISBLANK('Données brutes'!E6),"—",'Données brutes'!E6) -> 3400 | H6: ='Données brutes'!F6 -> US$ | I6: =IF(H6="","(vide)",IF(OR(H6="USD",H6="US$",H6="$",H6="Dollars"),"USD",IF(H6="EUR","EUR",IF(H6="CDF","CDF",H6)))) -> USD | J6: =IF(I6="USD",$R$5,IF(I6="EUR",$R$6,IF(I6="CDF",$R$7,"TAUX INCONNU"))) -> 1 | K6: =IF(OR(ISTEXT(J6),ISTEXT(G6)),"—",G6*J6) -> 3400 | L6: =COUNTIFS('Données brutes'!$A$5:$A$22,A6,'Données brutes'!$C$5:$C$22,C6,'Données brutes'!$D$5:$D$22,D6,'Données brutes'!$E$5:$E$22,G6,'Données brutes'!$F$5:$F$22,H6) -> 1 | M6: =IF(L6>1,"OUI - doublon exact, a verifier avant suppression","NON") -> NON | N6: =IF(ISBLANK('Données brutes'!G6),"—",'Données brutes'!G6) -> Livré | O6: =IF((IF(E6="AMBIGU - A VERIFIER MANUELLEMENT",1,0)+IF(M6<>"NON",1,0)+IF(ISBLANK('Données brutes'!E6),1,0)+IF(ISBLANK('Données brutes'!G6),1,0))=0,"—",TRIM(IF(E6="AMBIGU - A VERIFIER MANUELLEMENT","Date ambigue; ","")&IF(M6<>"NON","Doublon potentiel; ","")&IF(ISBLANK('Données brutes'!E6),"Montant manquant; ","")&IF(ISBLANK('Données brutes'!G6),"Statut manquant; ",""))) -> — | Q6: EUR | R6: 1.08
A7: ='Données brutes'!A7 -> PO-2025-013 | B7: ='Données brutes'!B7 -> Bunia Fuel Co. | C7: ='Données brutes'!C7 -> Carburant diesel | D7: ='Données brutes'!D7 -> 15/03/2025 | E7: =IF(ISNUMBER(SEARCH("-",D7)),"ISO (AAAA-MM-JJ)",IF(VALUE(LEFT(D7,FIND("/",D7)-1))>12,"JJ/MM/AAAA (1er nombre > 12 = jour)",IF(VALUE(MID(D7,FIND("/",D7)+1,2))>12,"MM/JJ/AAAA (2e nombre > 12 = jour)","AMBIGU - A VERIFIER MANUELLEMENT"))) -> JJ/MM/AAAA (1er nombre > 12 = jour) | F7: =IF(E7="ISO (AAAA-MM-JJ)",DATE(VALUE(LEFT(D7,4)),VALUE(MID(D7,6,2)),VALUE(RIGHT(D7,2))),IF(E7="JJ/MM/AAAA (1er nombre > 12 = jour)",DATE(VALUE(RIGHT(D7,4)),VALUE(MID(D7,FIND("/",D7)+1,2)),VALUE(LEFT(D7,FIND("/",D7)-1))),IF(E7="MM/JJ/AAAA (2e nombre > 12 = jour)",DATE(VALUE(RIGHT(D7,4)),VALUE(LEFT(D7,FIND("/",D7)-1)),VALUE(MID(D7,FIND("/",D7)+1,2))),"—"))) -> 45731 | G7: =IF(ISBLANK('Données brutes'!E7),"—",'Données brutes'!E7) -> 980000 | H7: ='Données brutes'!F7 -> CDF | I7: =IF(H7="","(vide)",IF(OR(H7="USD",H7="US$",H7="$",H7="Dollars"),"USD",IF(H7="EUR","EUR",IF(H7="CDF","CDF",H7)))) -> CDF | J7: =IF(I7="USD",$R$5,IF(I7="EUR",$R$6,IF(I7="CDF",$R$7,"TAUX INCONNU"))) -> 0.00036 | K7: =IF(OR(ISTEXT(J7),ISTEXT(G7)),"—",G7*J7) -> 352.8 | L7: =COUNTIFS('Données brutes'!$A$5:$A$22,A7,'Données brutes'!$C$5:$C$22,C7,'Données brutes'!$D$5:$D$22,D7,'Données brutes'!$E$5:$E$22,G7,'Données brutes'!$F$5:$F$22,H7) -> 1 | M7: =IF(L7>1,"OUI - doublon exact, a verifier avant suppression","NON") -> NON | N7: =IF(ISBLANK('Données brutes'!G7),"—",'Données brutes'!G7) -> Livré | O7: =IF((IF(E7="AMBIGU - A VERIFIER MANUELLEMENT",1,0)+IF(M7<>"NON",1,0)+IF(ISBLANK('Données brutes'!E7),1,0)+IF(ISBLANK('Données brutes'!G7),1,0))=0,"—",TRIM(IF(E7="AMBIGU - A VERIFIER MANUELLEMENT","Date ambigue; ","")&IF(M7<>"NON","Doublon potentiel; ","")&IF(ISBLANK('Données brutes'!E7),"Montant manquant; ","")&IF(ISBLANK('Données brutes'!G7),"Statut manquant; ",""))) -> — | Q7: CDF | R7: 0.00036
A8: ='Données brutes'!A8 -> PO-2025-014 | B8: ='Données brutes'!B8 -> Kivu Motors SARL | C8: ='Données brutes'!C8 -> Pneus 4x4 | D8: ='Données brutes'!D8 -> 18/03/2025 | E8: =IF(ISNUMBER(SEARCH("-",D8)),"ISO (AAAA-MM-JJ)",IF(VALUE(LEFT(D8,FIND("/",D8)-1))>12,"JJ/MM/AAAA (1er nombre > 12 = jour)",IF(VALUE(MID(D8,FIND("/",D8)+1,2))>12,"MM/JJ/AAAA (2e nombre > 12 = jour)","AMBIGU - A VERIFIER MANUELLEMENT"))) -> JJ/MM/AAAA (1er nombre > 12 = jour) | F8: =IF(E8="ISO (AAAA-MM-JJ)",DATE(VALUE(LEFT(D8,4)),VALUE(MID(D8,6,2)),VALUE(RIGHT(D8,2))),IF(E8="JJ/MM/AAAA (1er nombre > 12 = jour)",DATE(VALUE(RIGHT(D8,4)),VALUE(MID(D8,FIND("/",D8)+1,2)),VALUE(LEFT(D8,FIND("/",D8)-1))),IF(E8="MM/JJ/AAAA (2e nombre > 12 = jour)",DATE(VALUE(RIGHT(D8,4)),VALUE(LEFT(D8,FIND("/",D8)-1)),VALUE(MID(D8,FIND("/",D8)+1,2))),"—"))) -> 45734 | G8: =IF(ISBLANK('Données brutes'!E8),"—",'Données brutes'!E8) -> 2100 | H8: ='Données brutes'!F8 -> USD | I8: =IF(H8="","(vide)",IF(OR(H8="USD",H8="US$",H8="$",H8="Dollars"),"USD",IF(H8="EUR","EUR",IF(H8="CDF","CDF",H8)))) -> USD | J8: =IF(I8="USD",$R$5,IF(I8="EUR",$R$6,IF(I8="CDF",$R$7,"TAUX INCONNU"))) -> 1 | K8: =IF(OR(ISTEXT(J8),ISTEXT(G8)),"—",G8*J8) -> 2100 | L8: =COUNTIFS('Données brutes'!$A$5:$A$22,A8,'Données brutes'!$C$5:$C$22,C8,'Données brutes'!$D$5:$D$22,D8,'Données brutes'!$E$5:$E$22,G8,'Données brutes'!$F$5:$F$22,H8) -> 2 | M8: =IF(L8>1,"OUI - doublon exact, a verifier avant suppression","NON") -> OUI - doublon exact, a verifier avant suppression | N8: =IF(ISBLANK('Données brutes'!G8),"—",'Données brutes'!G8) -> En cours | O8: =IF((IF(E8="AMBIGU - A VERIFIER MANUELLEMENT",1,0)+IF(M8<>"NON",1,0)+IF(ISBLANK('Données brutes'!E8),1,0)+IF(ISBLANK('Données brutes'!G8),1,0))=0,"—",TRIM(IF(E8="AMBIGU - A VERIFIER MANUELLEMENT","Date ambigue; ","")&IF(M8<>"NON","Doublon potentiel; ","")&IF(ISBLANK('Données brutes'!E8),"Montant manquant; ","")&IF(ISBLANK('Données brutes'!G8),"Statut manquant; ",""))) -> Doublon potentiel;
A9: ='Données brutes'!A9 -> PO-2025-014 | B9: ='Données brutes'!B9 -> Kivu Motors SARL | C9: ='Données brutes'!C9 -> Pneus 4x4 | D9: ='Données brutes'!D9 -> 18/03/2025 | E9: =IF(ISNUMBER(SEARCH("-",D9)),"ISO (AAAA-MM-JJ)",IF(VALUE(LEFT(D9,FIND("/",D9)-1))>12,"JJ/MM/AAAA (1er nombre > 12 = jour)",IF(VALUE(MID(D9,FIND("/",D9)+1,2))>12,"MM/JJ/AAAA (2e nombre > 12 = jour)","AMBIGU - A VERIFIER MANUELLEMENT"))) -> JJ/MM/AAAA (1er nombre > 12 = jour) | F9: =IF(E9="ISO (AAAA-MM-JJ)",DATE(VALUE(LEFT(D9,4)),VALUE(MID(D9,6,2)),VALUE(RIGHT(D9,2))),IF(E9="JJ/MM/AAAA (1er nombre > 12 = jour)",DATE(VALUE(RIGHT(D9,4)),VALUE(MID(D9,FIND("/",D9)+1,2)),VALUE(LEFT(D9,FIND("/",D9)-1))),IF(E9="MM/JJ/AAAA (2e nombre > 12 = jour)",DATE(VALUE(RIGHT(D9,4)),VALUE(LEFT(D9,FIND("/",D9)-1)),VALUE(MID(D9,FIND("/",D9)+1,2))),"—"))) -> 45734 | G9: =IF(ISBLANK('Données brutes'!E9),"—",'Données brutes'!E9) -> 2100 | H9: ='Données brutes'!F9 -> USD | I9: =IF(H9="","(vide)",IF(OR(H9="USD",H9="US$",H9="$",H9="Dollars"),"USD",IF(H9="EUR","EUR",IF(H9="CDF","CDF",H9)))) -> USD | J9: =IF(I9="USD",$R$5,IF(I9="EUR",$R$6,IF(I9="CDF",$R$7,"TAUX INCONNU"))) -> 1 | K9: =IF(OR(ISTEXT(J9),ISTEXT(G9)),"—",G9*J9) -> 2100 | L9: =COUNTIFS('Données brutes'!$A$5:$A$22,A9,'Données brutes'!$C$5:$C$22,C9,'Données brutes'!$D$5:$D$22,D9,'Données brutes'!$E$5:$E$22,G9,'Données brutes'!$F$5:$F$22,H9) -> 2 | M9: =IF(L9>1,"OUI - doublon exact, a verifier avant suppression","NON") -> OUI - doublon exact, a verifier avant suppression | N9: =IF(ISBLANK('Données brutes'!G9),"—",'Données brutes'!G9) -> En cours | O9: =IF((IF(E9="AMBIGU - A VERIFIER MANUELLEMENT",1,0)+IF(M9<>"NON",1,0)+IF(ISBLANK('Données brutes'!E9),1,0)+IF(ISBLANK('Données brutes'!G9),1,0))=0,"—",TRIM(IF(E9="AMBIGU - A VERIFIER MANUELLEMENT","Date ambigue; ","")&IF(M9<>"NON","Doublon potentiel; ","")&IF(ISBLANK('Données brutes'!E9),"Montant manquant; ","")&IF(ISBLANK('Données brutes'!G9),"Statut manquant; ",""))) -> Doublon potentiel; | Q9: Taux fictifs à but pédagogique. En conditions réelles : utiliser le taux de change officiel adopté par la mission pour le mois comptable concerné, et documenter sa source (banque centrale, taux de référence interne bailleur, etc.) — voir 02-outils.md, étape 4.
A10: ='Données brutes'!A10 -> PO-2025-015 | B10: ='Données brutes'!B10 -> Uganda Freight Ltd | C10: ='Données brutes'!C10 -> Transport fret Kampala-Bunia | D10: ='Données brutes'!D10 -> 20/03/2025 | E10: =IF(ISNUMBER(SEARCH("-",D10)),"ISO (AAAA-MM-JJ)",IF(VALUE(LEFT(D10,FIND("/",D10)-1))>12,"JJ/MM/AAAA (1er nombre > 12 = jour)",IF(VALUE(MID(D10,FIND("/",D10)+1,2))>12,"MM/JJ/AAAA (2e nombre > 12 = jour)","AMBIGU - A VERIFIER MANUELLEMENT"))) -> JJ/MM/AAAA (1er nombre > 12 = jour) | F10: =IF(E10="ISO (AAAA-MM-JJ)",DATE(VALUE(LEFT(D10,4)),VALUE(MID(D10,6,2)),VALUE(RIGHT(D10,2))),IF(E10="JJ/MM/AAAA (1er nombre > 12 = jour)",DATE(VALUE(RIGHT(D10,4)),VALUE(MID(D10,FIND("/",D10)+1,2)),VALUE(LEFT(D10,FIND("/",D10)-1))),IF(E10="MM/JJ/AAAA (2e nombre > 12 = jour)",DATE(VALUE(RIGHT(D10,4)),VALUE(LEFT(D10,FIND("/",D10)-1)),VALUE(MID(D10,FIND("/",D10)+1,2))),"—"))) -> 45736 | G10: =IF(ISBLANK('Données brutes'!E10),"—",'Données brutes'!E10) -> 1500 | H10: ='Données brutes'!F10 -> EUR | I10: =IF(H10="","(vide)",IF(OR(H10="USD",H10="US$",H10="$",H10="Dollars"),"USD",IF(H10="EUR","EUR",IF(H10="CDF","CDF",H10)))) -> EUR | J10: =IF(I10="USD",$R$5,IF(I10="EUR",$R$6,IF(I10="CDF",$R$7,"TAUX INCONNU"))) -> 1.08 | K10: =IF(OR(ISTEXT(J10),ISTEXT(G10)),"—",G10*J10) -> 1620 | L10: =COUNTIFS('Données brutes'!$A$5:$A$22,A10,'Données brutes'!$C$5:$C$22,C10,'Données brutes'!$D$5:$D$22,D10,'Données brutes'!$E$5:$E$22,G10,'Données brutes'!$F$5:$F$22,H10) -> 1 | M10: =IF(L10>1,"OUI - doublon exact, a verifier avant suppression","NON") -> NON | N10: =IF(ISBLANK('Données brutes'!G10),"—",'Données brutes'!G10) -> Livré | O10: =IF((IF(E10="AMBIGU - A VERIFIER MANUELLEMENT",1,0)+IF(M10<>"NON",1,0)+IF(ISBLANK('Données brutes'!E10),1,0)+IF(ISBLANK('Données brutes'!G10),1,0))=0,"—",TRIM(IF(E10="AMBIGU - A VERIFIER MANUELLEMENT","Date ambigue; ","")&IF(M10<>"NON","Doublon potentiel; ","")&IF(ISBLANK('Données brutes'!E10),"Montant manquant; ","")&IF(ISBLANK('Données brutes'!G10),"Statut manquant; ",""))) -> —
A11: ='Données brutes'!A11 -> PO-2025-016 | B11: ='Données brutes'!B11 -> AfriMed Supplies | C11: ='Données brutes'!C11 -> Kits médicaux | D11: ='Données brutes'!D11 -> 03/22/2025 | E11: =IF(ISNUMBER(SEARCH("-",D11)),"ISO (AAAA-MM-JJ)",IF(VALUE(LEFT(D11,FIND("/",D11)-1))>12,"JJ/MM/AAAA (1er nombre > 12 = jour)",IF(VALUE(MID(D11,FIND("/",D11)+1,2))>12,"MM/JJ/AAAA (2e nombre > 12 = jour)","AMBIGU - A VERIFIER MANUELLEMENT"))) -> MM/JJ/AAAA (2e nombre > 12 = jour) | F11: =IF(E11="ISO (AAAA-MM-JJ)",DATE(VALUE(LEFT(D11,4)),VALUE(MID(D11,6,2)),VALUE(RIGHT(D11,2))),IF(E11="JJ/MM/AAAA (1er nombre > 12 = jour)",DATE(VALUE(RIGHT(D11,4)),VALUE(MID(D11,FIND("/",D11)+1,2)),VALUE(LEFT(D11,FIND("/",D11)-1))),IF(E11="MM/JJ/AAAA (2e nombre > 12 = jour)",DATE(VALUE(RIGHT(D11,4)),VALUE(LEFT(D11,FIND("/",D11)-1)),VALUE(MID(D11,FIND("/",D11)+1,2))),"—"))) -> 45738 | G11: =IF(ISBLANK('Données brutes'!E11),"—",'Données brutes'!E11) -> 2200 | H11: ='Données brutes'!F11 -> Dollars | I11: =IF(H11="","(vide)",IF(OR(H11="USD",H11="US$",H11="$",H11="Dollars"),"USD",IF(H11="EUR","EUR",IF(H11="CDF","CDF",H11)))) -> USD | J11: =IF(I11="USD",$R$5,IF(I11="EUR",$R$6,IF(I11="CDF",$R$7,"TAUX INCONNU"))) -> 1 | K11: =IF(OR(ISTEXT(J11),ISTEXT(G11)),"—",G11*J11) -> 2200 | L11: =COUNTIFS('Données brutes'!$A$5:$A$22,A11,'Données brutes'!$C$5:$C$22,C11,'Données brutes'!$D$5:$D$22,D11,'Données brutes'!$E$5:$E$22,G11,'Données brutes'!$F$5:$F$22,H11) -> 1 | M11: =IF(L11>1,"OUI - doublon exact, a verifier avant suppression","NON") -> NON | N11: =IF(ISBLANK('Données brutes'!G11),"—",'Données brutes'!G11) -> Livré | O11: =IF((IF(E11="AMBIGU - A VERIFIER MANUELLEMENT",1,0)+IF(M11<>"NON",1,0)+IF(ISBLANK('Données brutes'!E11),1,0)+IF(ISBLANK('Données brutes'!G11),1,0))=0,"—",TRIM(IF(E11="AMBIGU - A VERIFIER MANUELLEMENT","Date ambigue; ","")&IF(M11<>"NON","Doublon potentiel; ","")&IF(ISBLANK('Données brutes'!E11),"Montant manquant; ","")&IF(ISBLANK('Données brutes'!G11),"Statut manquant; ",""))) -> —
A12: ='Données brutes'!A12 -> PO-2025-017 | B12: ='Données brutes'!B12 -> Bunia Fuel Co. | C12: ='Données brutes'!C12 -> Carburant essence | D12: ='Données brutes'!D12 -> 2025-03-25 | E12: =IF(ISNUMBER(SEARCH("-",D12)),"ISO (AAAA-MM-JJ)",IF(VALUE(LEFT(D12,FIND("/",D12)-1))>12,"JJ/MM/AAAA (1er nombre > 12 = jour)",IF(VALUE(MID(D12,FIND("/",D12)+1,2))>12,"MM/JJ/AAAA (2e nombre > 12 = jour)","AMBIGU - A VERIFIER MANUELLEMENT"))) -> ISO (AAAA-MM-JJ) | F12: =IF(E12="ISO (AAAA-MM-JJ)",DATE(VALUE(LEFT(D12,4)),VALUE(MID(D12,6,2)),VALUE(RIGHT(D12,2))),IF(E12="JJ/MM/AAAA (1er nombre > 12 = jour)",DATE(VALUE(RIGHT(D12,4)),VALUE(MID(D12,FIND("/",D12)+1,2)),VALUE(LEFT(D12,FIND("/",D12)-1))),IF(E12="MM/JJ/AAAA (2e nombre > 12 = jour)",DATE(VALUE(RIGHT(D12,4)),VALUE(LEFT(D12,FIND("/",D12)-1)),VALUE(MID(D12,FIND("/",D12)+1,2))),"—"))) -> 45741 | G12: =IF(ISBLANK('Données brutes'!E12),"—",'Données brutes'!E12) -> 610000 | H12: ='Données brutes'!F12 -> CDF | I12: =IF(H12="","(vide)",IF(OR(H12="USD",H12="US$",H12="$",H12="Dollars"),"USD",IF(H12="EUR","EUR",IF(H12="CDF","CDF",H12)))) -> CDF | J12: =IF(I12="USD",$R$5,IF(I12="EUR",$R$6,IF(I12="CDF",$R$7,"TAUX INCONNU"))) -> 0.00036 | K12: =IF(OR(ISTEXT(J12),ISTEXT(G12)),"—",G12*J12) -> 219.6 | L12: =COUNTIFS('Données brutes'!$A$5:$A$22,A12,'Données brutes'!$C$5:$C$22,C12,'Données brutes'!$D$5:$D$22,D12,'Données brutes'!$E$5:$E$22,G12,'Données brutes'!$F$5:$F$22,H12) -> 1 | M12: =IF(L12>1,"OUI - doublon exact, a verifier avant suppression","NON") -> NON | N12: =IF(ISBLANK('Données brutes'!G12),"—",'Données brutes'!G12) -> Livré | O12: =IF((IF(E12="AMBIGU - A VERIFIER MANUELLEMENT",1,0)+IF(M12<>"NON",1,0)+IF(ISBLANK('Données brutes'!E12),1,0)+IF(ISBLANK('Données brutes'!G12),1,0))=0,"—",TRIM(IF(E12="AMBIGU - A VERIFIER MANUELLEMENT","Date ambigue; ","")&IF(M12<>"NON","Doublon potentiel; ","")&IF(ISBLANK('Données brutes'!E12),"Montant manquant; ","")&IF(ISBLANK('Données brutes'!G12),"Statut manquant; ",""))) -> —
A13: ='Données brutes'!A13 -> PO-2025-018 | B13: ='Données brutes'!B13 -> Kivu Motors SARL | C13: ='Données brutes'!C13 -> Batteries véhicule | D13: ='Données brutes'!D13 -> 05/04/2025 | E13: =IF(ISNUMBER(SEARCH("-",D13)),"ISO (AAAA-MM-JJ)",IF(VALUE(LEFT(D13,FIND("/",D13)-1))>12,"JJ/MM/AAAA (1er nombre > 12 = jour)",IF(VALUE(MID(D13,FIND("/",D13)+1,2))>12,"MM/JJ/AAAA (2e nombre > 12 = jour)","AMBIGU - A VERIFIER MANUELLEMENT"))) -> AMBIGU - A VERIFIER MANUELLEMENT | F13: =IF(E13="ISO (AAAA-MM-JJ)",DATE(VALUE(LEFT(D13,4)),VALUE(MID(D13,6,2)),VALUE(RIGHT(D13,2))),IF(E13="JJ/MM/AAAA (1er nombre > 12 = jour)",DATE(VALUE(RIGHT(D13,4)),VALUE(MID(D13,FIND("/",D13)+1,2)),VALUE(LEFT(D13,FIND("/",D13)-1))),IF(E13="MM/JJ/AAAA (2e nombre > 12 = jour)",DATE(VALUE(RIGHT(D13,4)),VALUE(LEFT(D13,FIND("/",D13)-1)),VALUE(MID(D13,FIND("/",D13)+1,2))),"—"))) -> — | G13: =IF(ISBLANK('Données brutes'!E13),"—",'Données brutes'!E13) -> 890 | H13: ='Données brutes'!F13 -> $ | I13: =IF(H13="","(vide)",IF(OR(H13="USD",H13="US$",H13="$",H13="Dollars"),"USD",IF(H13="EUR","EUR",IF(H13="CDF","CDF",H13)))) -> USD | J13: =IF(I13="USD",$R$5,IF(I13="EUR",$R$6,IF(I13="CDF",$R$7,"TAUX INCONNU"))) -> 1 | K13: =IF(OR(ISTEXT(J13),ISTEXT(G13)),"—",G13*J13) -> 890 | L13: =COUNTIFS('Données brutes'!$A$5:$A$22,A13,'Données brutes'!$C$5:$C$22,C13,'Données brutes'!$D$5:$D$22,D13,'Données brutes'!$E$5:$E$22,G13,'Données brutes'!$F$5:$F$22,H13) -> 1 | M13: =IF(L13>1,"OUI - doublon exact, a verifier avant suppression","NON") -> NON | N13: =IF(ISBLANK('Données brutes'!G13),"—",'Données brutes'!G13) -> Livré | O13: =IF((IF(E13="AMBIGU - A VERIFIER MANUELLEMENT",1,0)+IF(M13<>"NON",1,0)+IF(ISBLANK('Données brutes'!E13),1,0)+IF(ISBLANK('Données brutes'!G13),1,0))=0,"—",TRIM(IF(E13="AMBIGU - A VERIFIER MANUELLEMENT","Date ambigue; ","")&IF(M13<>"NON","Doublon potentiel; ","")&IF(ISBLANK('Données brutes'!E13),"Montant manquant; ","")&IF(ISBLANK('Données brutes'!G13),"Statut manquant; ",""))) -> Date ambigue;
A14: ='Données brutes'!A14 -> PO-2025-018 | B14: ='Données brutes'!B14 -> Kivu Motors SARL | C14: ='Données brutes'!C14 -> Batteries véhicule | D14: ='Données brutes'!D14 -> 14/04/2025 | E14: =IF(ISNUMBER(SEARCH("-",D14)),"ISO (AAAA-MM-JJ)",IF(VALUE(LEFT(D14,FIND("/",D14)-1))>12,"JJ/MM/AAAA (1er nombre > 12 = jour)",IF(VALUE(MID(D14,FIND("/",D14)+1,2))>12,"MM/JJ/AAAA (2e nombre > 12 = jour)","AMBIGU - A VERIFIER MANUELLEMENT"))) -> JJ/MM/AAAA (1er nombre > 12 = jour) | F14: =IF(E14="ISO (AAAA-MM-JJ)",DATE(VALUE(LEFT(D14,4)),VALUE(MID(D14,6,2)),VALUE(RIGHT(D14,2))),IF(E14="JJ/MM/AAAA (1er nombre > 12 = jour)",DATE(VALUE(RIGHT(D14,4)),VALUE(MID(D14,FIND("/",D14)+1,2)),VALUE(LEFT(D14,FIND("/",D14)-1))),IF(E14="MM/JJ/AAAA (2e nombre > 12 = jour)",DATE(VALUE(RIGHT(D14,4)),VALUE(LEFT(D14,FIND("/",D14)-1)),VALUE(MID(D14,FIND("/",D14)+1,2))),"—"))) -> 45761 | G14: =IF(ISBLANK('Données brutes'!E14),"—",'Données brutes'!E14) -> 890 | H14: ='Données brutes'!F14 -> $ | I14: =IF(H14="","(vide)",IF(OR(H14="USD",H14="US$",H14="$",H14="Dollars"),"USD",IF(H14="EUR","EUR",IF(H14="CDF","CDF",H14)))) -> USD | J14: =IF(I14="USD",$R$5,IF(I14="EUR",$R$6,IF(I14="CDF",$R$7,"TAUX INCONNU"))) -> 1 | K14: =IF(OR(ISTEXT(J14),ISTEXT(G14)),"—",G14*J14) -> 890 | L14: =COUNTIFS('Données brutes'!$A$5:$A$22,A14,'Données brutes'!$C$5:$C$22,C14,'Données brutes'!$D$5:$D$22,D14,'Données brutes'!$E$5:$E$22,G14,'Données brutes'!$F$5:$F$22,H14) -> 1 | M14: =IF(L14>1,"OUI - doublon exact, a verifier avant suppression","NON") -> NON | N14: =IF(ISBLANK('Données brutes'!G14),"—",'Données brutes'!G14) -> Livré | O14: =IF((IF(E14="AMBIGU - A VERIFIER MANUELLEMENT",1,0)+IF(M14<>"NON",1,0)+IF(ISBLANK('Données brutes'!E14),1,0)+IF(ISBLANK('Données brutes'!G14),1,0))=0,"—",TRIM(IF(E14="AMBIGU - A VERIFIER MANUELLEMENT","Date ambigue; ","")&IF(M14<>"NON","Doublon potentiel; ","")&IF(ISBLANK('Données brutes'!E14),"Montant manquant; ","")&IF(ISBLANK('Données brutes'!G14),"Statut manquant; ",""))) -> —
A15: ='Données brutes'!A15 -> PO-2025-019 | B15: ='Données brutes'!B15 -> Uganda Freight Ltd | C15: ='Données brutes'!C15 -> Transport fret Kampala-Bunia | D15: ='Données brutes'!D15 -> 27/03/2025 | E15: =IF(ISNUMBER(SEARCH("-",D15)),"ISO (AAAA-MM-JJ)",IF(VALUE(LEFT(D15,FIND("/",D15)-1))>12,"JJ/MM/AAAA (1er nombre > 12 = jour)",IF(VALUE(MID(D15,FIND("/",D15)+1,2))>12,"MM/JJ/AAAA (2e nombre > 12 = jour)","AMBIGU - A VERIFIER MANUELLEMENT"))) -> JJ/MM/AAAA (1er nombre > 12 = jour) | F15: =IF(E15="ISO (AAAA-MM-JJ)",DATE(VALUE(LEFT(D15,4)),VALUE(MID(D15,6,2)),VALUE(RIGHT(D15,2))),IF(E15="JJ/MM/AAAA (1er nombre > 12 = jour)",DATE(VALUE(RIGHT(D15,4)),VALUE(MID(D15,FIND("/",D15)+1,2)),VALUE(LEFT(D15,FIND("/",D15)-1))),IF(E15="MM/JJ/AAAA (2e nombre > 12 = jour)",DATE(VALUE(RIGHT(D15,4)),VALUE(LEFT(D15,FIND("/",D15)-1)),VALUE(MID(D15,FIND("/",D15)+1,2))),"—"))) -> 45743 | G15: =IF(ISBLANK('Données brutes'!E15),"—",'Données brutes'!E15) -> 1500 | H15: ='Données brutes'!F15 -> EUR | I15: =IF(H15="","(vide)",IF(OR(H15="USD",H15="US$",H15="$",H15="Dollars"),"USD",IF(H15="EUR","EUR",IF(H15="CDF","CDF",H15)))) -> EUR | J15: =IF(I15="USD",$R$5,IF(I15="EUR",$R$6,IF(I15="CDF",$R$7,"TAUX INCONNU"))) -> 1.08 | K15: =IF(OR(ISTEXT(J15),ISTEXT(G15)),"—",G15*J15) -> 1620 | L15: =COUNTIFS('Données brutes'!$A$5:$A$22,A15,'Données brutes'!$C$5:$C$22,C15,'Données brutes'!$D$5:$D$22,D15,'Données brutes'!$E$5:$E$22,G15,'Données brutes'!$F$5:$F$22,H15) -> 1 | M15: =IF(L15>1,"OUI - doublon exact, a verifier avant suppression","NON") -> NON | N15: =IF(ISBLANK('Données brutes'!G15),"—",'Données brutes'!G15) -> Livré | O15: =IF((IF(E15="AMBIGU - A VERIFIER MANUELLEMENT",1,0)+IF(M15<>"NON",1,0)+IF(ISBLANK('Données brutes'!E15),1,0)+IF(ISBLANK('Données brutes'!G15),1,0))=0,"—",TRIM(IF(E15="AMBIGU - A VERIFIER MANUELLEMENT","Date ambigue; ","")&IF(M15<>"NON","Doublon potentiel; ","")&IF(ISBLANK('Données brutes'!E15),"Montant manquant; ","")&IF(ISBLANK('Données brutes'!G15),"Statut manquant; ",""))) -> —
A16: ='Données brutes'!A16 -> PO-2025-020 | B16: ='Données brutes'!B16 -> AfriMed Supplies | C16: ='Données brutes'!C16 -> Consommables labo | D16: ='Données brutes'!D16 -> 2025-04-02 | E16: =IF(ISNUMBER(SEARCH("-",D16)),"ISO (AAAA-MM-JJ)",IF(VALUE(LEFT(D16,FIND("/",D16)-1))>12,"JJ/MM/AAAA (1er nombre > 12 = jour)",IF(VALUE(MID(D16,FIND("/",D16)+1,2))>12,"MM/JJ/AAAA (2e nombre > 12 = jour)","AMBIGU - A VERIFIER MANUELLEMENT"))) -> ISO (AAAA-MM-JJ) | F16: =IF(E16="ISO (AAAA-MM-JJ)",DATE(VALUE(LEFT(D16,4)),VALUE(MID(D16,6,2)),VALUE(RIGHT(D16,2))),IF(E16="JJ/MM/AAAA (1er nombre > 12 = jour)",DATE(VALUE(RIGHT(D16,4)),VALUE(MID(D16,FIND("/",D16)+1,2)),VALUE(LEFT(D16,FIND("/",D16)-1))),IF(E16="MM/JJ/AAAA (2e nombre > 12 = jour)",DATE(VALUE(RIGHT(D16,4)),VALUE(LEFT(D16,FIND("/",D16)-1)),VALUE(MID(D16,FIND("/",D16)+1,2))),"—"))) -> 45749 | G16: =IF(ISBLANK('Données brutes'!E16),"—",'Données brutes'!E16) -> 1780 | H16: ='Données brutes'!F16 -> USD | I16: =IF(H16="","(vide)",IF(OR(H16="USD",H16="US$",H16="$",H16="Dollars"),"USD",IF(H16="EUR","EUR",IF(H16="CDF","CDF",H16)))) -> USD | J16: =IF(I16="USD",$R$5,IF(I16="EUR",$R$6,IF(I16="CDF",$R$7,"TAUX INCONNU"))) -> 1 | K16: =IF(OR(ISTEXT(J16),ISTEXT(G16)),"—",G16*J16) -> 1780 | L16: =COUNTIFS('Données brutes'!$A$5:$A$22,A16,'Données brutes'!$C$5:$C$22,C16,'Données brutes'!$D$5:$D$22,D16,'Données brutes'!$E$5:$E$22,G16,'Données brutes'!$F$5:$F$22,H16) -> 1 | M16: =IF(L16>1,"OUI - doublon exact, a verifier avant suppression","NON") -> NON | N16: =IF(ISBLANK('Données brutes'!G16),"—",'Données brutes'!G16) -> En cours | O16: =IF((IF(E16="AMBIGU - A VERIFIER MANUELLEMENT",1,0)+IF(M16<>"NON",1,0)+IF(ISBLANK('Données brutes'!E16),1,0)+IF(ISBLANK('Données brutes'!G16),1,0))=0,"—",TRIM(IF(E16="AMBIGU - A VERIFIER MANUELLEMENT","Date ambigue; ","")&IF(M16<>"NON","Doublon potentiel; ","")&IF(ISBLANK('Données brutes'!E16),"Montant manquant; ","")&IF(ISBLANK('Données brutes'!G16),"Statut manquant; ",""))) -> —
A17: ='Données brutes'!A17 -> PO-2025-021 | B17: ='Données brutes'!B17 -> Bunia Fuel Co. | C17: ='Données brutes'!C17 -> Carburant diesel | D17: ='Données brutes'!D17 -> 05/04/2025 | E17: =IF(ISNUMBER(SEARCH("-",D17)),"ISO (AAAA-MM-JJ)",IF(VALUE(LEFT(D17,FIND("/",D17)-1))>12,"JJ/MM/AAAA (1er nombre > 12 = jour)",IF(VALUE(MID(D17,FIND("/",D17)+1,2))>12,"MM/JJ/AAAA (2e nombre > 12 = jour)","AMBIGU - A VERIFIER MANUELLEMENT"))) -> AMBIGU - A VERIFIER MANUELLEMENT | F17: =IF(E17="ISO (AAAA-MM-JJ)",DATE(VALUE(LEFT(D17,4)),VALUE(MID(D17,6,2)),VALUE(RIGHT(D17,2))),IF(E17="JJ/MM/AAAA (1er nombre > 12 = jour)",DATE(VALUE(RIGHT(D17,4)),VALUE(MID(D17,FIND("/",D17)+1,2)),VALUE(LEFT(D17,FIND("/",D17)-1))),IF(E17="MM/JJ/AAAA (2e nombre > 12 = jour)",DATE(VALUE(RIGHT(D17,4)),VALUE(LEFT(D17,FIND("/",D17)-1)),VALUE(MID(D17,FIND("/",D17)+1,2))),"—"))) -> — | G17: =IF(ISBLANK('Données brutes'!E17),"—",'Données brutes'!E17) -> 940000 | H17: ='Données brutes'!F17 -> CDF | I17: =IF(H17="","(vide)",IF(OR(H17="USD",H17="US$",H17="$",H17="Dollars"),"USD",IF(H17="EUR","EUR",IF(H17="CDF","CDF",H17)))) -> CDF | J17: =IF(I17="USD",$R$5,IF(I17="EUR",$R$6,IF(I17="CDF",$R$7,"TAUX INCONNU"))) -> 0.00036 | K17: =IF(OR(ISTEXT(J17),ISTEXT(G17)),"—",G17*J17) -> 338.4 | L17: =COUNTIFS('Données brutes'!$A$5:$A$22,A17,'Données brutes'!$C$5:$C$22,C17,'Données brutes'!$D$5:$D$22,D17,'Données brutes'!$E$5:$E$22,G17,'Données brutes'!$F$5:$F$22,H17) -> 1 | M17: =IF(L17>1,"OUI - doublon exact, a verifier avant suppression","NON") -> NON | N17: =IF(ISBLANK('Données brutes'!G17),"—",'Données brutes'!G17) -> En cours | O17: =IF((IF(E17="AMBIGU - A VERIFIER MANUELLEMENT",1,0)+IF(M17<>"NON",1,0)+IF(ISBLANK('Données brutes'!E17),1,0)+IF(ISBLANK('Données brutes'!G17),1,0))=0,"—",TRIM(IF(E17="AMBIGU - A VERIFIER MANUELLEMENT","Date ambigue; ","")&IF(M17<>"NON","Doublon potentiel; ","")&IF(ISBLANK('Données brutes'!E17),"Montant manquant; ","")&IF(ISBLANK('Données brutes'!G17),"Statut manquant; ",""))) -> Date ambigue;
A18: ='Données brutes'!A18 -> PO-2025-022 | B18: ='Données brutes'!B18 -> Kivu Motors SARL | C18: ='Données brutes'!C18 -> Filtres à huile | D18: ='Données brutes'!D18 -> 09/04/2025 | E18: =IF(ISNUMBER(SEARCH("-",D18)),"ISO (AAAA-MM-JJ)",IF(VALUE(LEFT(D18,FIND("/",D18)-1))>12,"JJ/MM/AAAA (1er nombre > 12 = jour)",IF(VALUE(MID(D18,FIND("/",D18)+1,2))>12,"MM/JJ/AAAA (2e nombre > 12 = jour)","AMBIGU - A VERIFIER MANUELLEMENT"))) -> AMBIGU - A VERIFIER MANUELLEMENT | F18: =IF(E18="ISO (AAAA-MM-JJ)",DATE(VALUE(LEFT(D18,4)),VALUE(MID(D18,6,2)),VALUE(RIGHT(D18,2))),IF(E18="JJ/MM/AAAA (1er nombre > 12 = jour)",DATE(VALUE(RIGHT(D18,4)),VALUE(MID(D18,FIND("/",D18)+1,2)),VALUE(LEFT(D18,FIND("/",D18)-1))),IF(E18="MM/JJ/AAAA (2e nombre > 12 = jour)",DATE(VALUE(RIGHT(D18,4)),VALUE(LEFT(D18,FIND("/",D18)-1)),VALUE(MID(D18,FIND("/",D18)+1,2))),"—"))) -> — | G18: =IF(ISBLANK('Données brutes'!E18),"—",'Données brutes'!E18) -> 340 | H18: ='Données brutes'!F18 -> US$ | I18: =IF(H18="","(vide)",IF(OR(H18="USD",H18="US$",H18="$",H18="Dollars"),"USD",IF(H18="EUR","EUR",IF(H18="CDF","CDF",H18)))) -> USD | J18: =IF(I18="USD",$R$5,IF(I18="EUR",$R$6,IF(I18="CDF",$R$7,"TAUX INCONNU"))) -> 1 | K18: =IF(OR(ISTEXT(J18),ISTEXT(G18)),"—",G18*J18) -> 340 | L18: =COUNTIFS('Données brutes'!$A$5:$A$22,A18,'Données brutes'!$C$5:$C$22,C18,'Données brutes'!$D$5:$D$22,D18,'Données brutes'!$E$5:$E$22,G18,'Données brutes'!$F$5:$F$22,H18) -> 1 | M18: =IF(L18>1,"OUI - doublon exact, a verifier avant suppression","NON") -> NON | N18: =IF(ISBLANK('Données brutes'!G18),"—",'Données brutes'!G18) -> Livré | O18: =IF((IF(E18="AMBIGU - A VERIFIER MANUELLEMENT",1,0)+IF(M18<>"NON",1,0)+IF(ISBLANK('Données brutes'!E18),1,0)+IF(ISBLANK('Données brutes'!G18),1,0))=0,"—",TRIM(IF(E18="AMBIGU - A VERIFIER MANUELLEMENT","Date ambigue; ","")&IF(M18<>"NON","Doublon potentiel; ","")&IF(ISBLANK('Données brutes'!E18),"Montant manquant; ","")&IF(ISBLANK('Données brutes'!G18),"Statut manquant; ",""))) -> Date ambigue;
A19: ='Données brutes'!A19 -> PO-2025-023 | B19: ='Données brutes'!B19 -> Goma Electronics | C19: ='Données brutes'!C19 -> Ordinateurs portables | D19: ='Données brutes'!D19 -> 2025-04-11 | E19: =IF(ISNUMBER(SEARCH("-",D19)),"ISO (AAAA-MM-JJ)",IF(VALUE(LEFT(D19,FIND("/",D19)-1))>12,"JJ/MM/AAAA (1er nombre > 12 = jour)",IF(VALUE(MID(D19,FIND("/",D19)+1,2))>12,"MM/JJ/AAAA (2e nombre > 12 = jour)","AMBIGU - A VERIFIER MANUELLEMENT"))) -> ISO (AAAA-MM-JJ) | F19: =IF(E19="ISO (AAAA-MM-JJ)",DATE(VALUE(LEFT(D19,4)),VALUE(MID(D19,6,2)),VALUE(RIGHT(D19,2))),IF(E19="JJ/MM/AAAA (1er nombre > 12 = jour)",DATE(VALUE(RIGHT(D19,4)),VALUE(MID(D19,FIND("/",D19)+1,2)),VALUE(LEFT(D19,FIND("/",D19)-1))),IF(E19="MM/JJ/AAAA (2e nombre > 12 = jour)",DATE(VALUE(RIGHT(D19,4)),VALUE(LEFT(D19,FIND("/",D19)-1)),VALUE(MID(D19,FIND("/",D19)+1,2))),"—"))) -> 45758 | G19: =IF(ISBLANK('Données brutes'!E19),"—",'Données brutes'!E19) -> 4200 | H19: ='Données brutes'!F19 -> USD | I19: =IF(H19="","(vide)",IF(OR(H19="USD",H19="US$",H19="$",H19="Dollars"),"USD",IF(H19="EUR","EUR",IF(H19="CDF","CDF",H19)))) -> USD | J19: =IF(I19="USD",$R$5,IF(I19="EUR",$R$6,IF(I19="CDF",$R$7,"TAUX INCONNU"))) -> 1 | K19: =IF(OR(ISTEXT(J19),ISTEXT(G19)),"—",G19*J19) -> 4200 | L19: =COUNTIFS('Données brutes'!$A$5:$A$22,A19,'Données brutes'!$C$5:$C$22,C19,'Données brutes'!$D$5:$D$22,D19,'Données brutes'!$E$5:$E$22,G19,'Données brutes'!$F$5:$F$22,H19) -> 1 | M19: =IF(L19>1,"OUI - doublon exact, a verifier avant suppression","NON") -> NON | N19: =IF(ISBLANK('Données brutes'!G19),"—",'Données brutes'!G19) -> Annulé | O19: =IF((IF(E19="AMBIGU - A VERIFIER MANUELLEMENT",1,0)+IF(M19<>"NON",1,0)+IF(ISBLANK('Données brutes'!E19),1,0)+IF(ISBLANK('Données brutes'!G19),1,0))=0,"—",TRIM(IF(E19="AMBIGU - A VERIFIER MANUELLEMENT","Date ambigue; ","")&IF(M19<>"NON","Doublon potentiel; ","")&IF(ISBLANK('Données brutes'!E19),"Montant manquant; ","")&IF(ISBLANK('Données brutes'!G19),"Statut manquant; ",""))) -> —
A20: ='Données brutes'!A20 -> PO-2025-024 | B20: ='Données brutes'!B20 -> AfriMed Supplies | C20: ='Données brutes'!C20 -> Kits médicaux | D20: ='Données brutes'!D20 -> 12/04/2025 | E20: =IF(ISNUMBER(SEARCH("-",D20)),"ISO (AAAA-MM-JJ)",IF(VALUE(LEFT(D20,FIND("/",D20)-1))>12,"JJ/MM/AAAA (1er nombre > 12 = jour)",IF(VALUE(MID(D20,FIND("/",D20)+1,2))>12,"MM/JJ/AAAA (2e nombre > 12 = jour)","AMBIGU - A VERIFIER MANUELLEMENT"))) -> AMBIGU - A VERIFIER MANUELLEMENT | F20: =IF(E20="ISO (AAAA-MM-JJ)",DATE(VALUE(LEFT(D20,4)),VALUE(MID(D20,6,2)),VALUE(RIGHT(D20,2))),IF(E20="JJ/MM/AAAA (1er nombre > 12 = jour)",DATE(VALUE(RIGHT(D20,4)),VALUE(MID(D20,FIND("/",D20)+1,2)),VALUE(LEFT(D20,FIND("/",D20)-1))),IF(E20="MM/JJ/AAAA (2e nombre > 12 = jour)",DATE(VALUE(RIGHT(D20,4)),VALUE(LEFT(D20,FIND("/",D20)-1)),VALUE(MID(D20,FIND("/",D20)+1,2))),"—"))) -> — | G20: =IF(ISBLANK('Données brutes'!E20),"—",'Données brutes'!E20) -> — | H20: ='Données brutes'!F20 -> USD | I20: =IF(H20="","(vide)",IF(OR(H20="USD",H20="US$",H20="$",H20="Dollars"),"USD",IF(H20="EUR","EUR",IF(H20="CDF","CDF",H20)))) -> USD | J20: =IF(I20="USD",$R$5,IF(I20="EUR",$R$6,IF(I20="CDF",$R$7,"TAUX INCONNU"))) -> 1 | K20: =IF(OR(ISTEXT(J20),ISTEXT(G20)),"—",G20*J20) -> — | L20: =COUNTIFS('Données brutes'!$A$5:$A$22,A20,'Données brutes'!$C$5:$C$22,C20,'Données brutes'!$D$5:$D$22,D20,'Données brutes'!$E$5:$E$22,G20,'Données brutes'!$F$5:$F$22,H20) -> 0 | M20: =IF(L20>1,"OUI - doublon exact, a verifier avant suppression","NON") -> NON | N20: =IF(ISBLANK('Données brutes'!G20),"—",'Données brutes'!G20) -> — | O20: =IF((IF(E20="AMBIGU - A VERIFIER MANUELLEMENT",1,0)+IF(M20<>"NON",1,0)+IF(ISBLANK('Données brutes'!E20),1,0)+IF(ISBLANK('Données brutes'!G20),1,0))=0,"—",TRIM(IF(E20="AMBIGU - A VERIFIER MANUELLEMENT","Date ambigue; ","")&IF(M20<>"NON","Doublon potentiel; ","")&IF(ISBLANK('Données brutes'!E20),"Montant manquant; ","")&IF(ISBLANK('Données brutes'!G20),"Statut manquant; ",""))) -> Date ambigue; Montant manquant; Statut manquant;
A21: ='Données brutes'!A21 -> PO-2025-025 | B21: ='Données brutes'!B21 -> Uganda Freight Ltd | C21: ='Données brutes'!C21 -> Transport fret Kampala-Bunia | D21: ='Données brutes'!D21 -> 15/04/2025 | E21: =IF(ISNUMBER(SEARCH("-",D21)),"ISO (AAAA-MM-JJ)",IF(VALUE(LEFT(D21,FIND("/",D21)-1))>12,"JJ/MM/AAAA (1er nombre > 12 = jour)",IF(VALUE(MID(D21,FIND("/",D21)+1,2))>12,"MM/JJ/AAAA (2e nombre > 12 = jour)","AMBIGU - A VERIFIER MANUELLEMENT"))) -> JJ/MM/AAAA (1er nombre > 12 = jour) | F21: =IF(E21="ISO (AAAA-MM-JJ)",DATE(VALUE(LEFT(D21,4)),VALUE(MID(D21,6,2)),VALUE(RIGHT(D21,2))),IF(E21="JJ/MM/AAAA (1er nombre > 12 = jour)",DATE(VALUE(RIGHT(D21,4)),VALUE(MID(D21,FIND("/",D21)+1,2)),VALUE(LEFT(D21,FIND("/",D21)-1))),IF(E21="MM/JJ/AAAA (2e nombre > 12 = jour)",DATE(VALUE(RIGHT(D21,4)),VALUE(LEFT(D21,FIND("/",D21)-1)),VALUE(MID(D21,FIND("/",D21)+1,2))),"—"))) -> 45762 | G21: =IF(ISBLANK('Données brutes'!E21),"—",'Données brutes'!E21) -> 1600 | H21: ='Données brutes'!F21 -> EUR | I21: =IF(H21="","(vide)",IF(OR(H21="USD",H21="US$",H21="$",H21="Dollars"),"USD",IF(H21="EUR","EUR",IF(H21="CDF","CDF",H21)))) -> EUR | J21: =IF(I21="USD",$R$5,IF(I21="EUR",$R$6,IF(I21="CDF",$R$7,"TAUX INCONNU"))) -> 1.08 | K21: =IF(OR(ISTEXT(J21),ISTEXT(G21)),"—",G21*J21) -> 1728 | L21: =COUNTIFS('Données brutes'!$A$5:$A$22,A21,'Données brutes'!$C$5:$C$22,C21,'Données brutes'!$D$5:$D$22,D21,'Données brutes'!$E$5:$E$22,G21,'Données brutes'!$F$5:$F$22,H21) -> 1 | M21: =IF(L21>1,"OUI - doublon exact, a verifier avant suppression","NON") -> NON | N21: =IF(ISBLANK('Données brutes'!G21),"—",'Données brutes'!G21) -> Livré | O21: =IF((IF(E21="AMBIGU - A VERIFIER MANUELLEMENT",1,0)+IF(M21<>"NON",1,0)+IF(ISBLANK('Données brutes'!E21),1,0)+IF(ISBLANK('Données brutes'!G21),1,0))=0,"—",TRIM(IF(E21="AMBIGU - A VERIFIER MANUELLEMENT","Date ambigue; ","")&IF(M21<>"NON","Doublon potentiel; ","")&IF(ISBLANK('Données brutes'!E21),"Montant manquant; ","")&IF(ISBLANK('Données brutes'!G21),"Statut manquant; ",""))) -> —
A22: ='Données brutes'!A22 -> PO-2025-026 | B22: ='Données brutes'!B22 -> Bunia Fuel Co. | C22: ='Données brutes'!C22 -> Carburant diesel | D22: ='Données brutes'!D22 -> 2025-04-18 | E22: =IF(ISNUMBER(SEARCH("-",D22)),"ISO (AAAA-MM-JJ)",IF(VALUE(LEFT(D22,FIND("/",D22)-1))>12,"JJ/MM/AAAA (1er nombre > 12 = jour)",IF(VALUE(MID(D22,FIND("/",D22)+1,2))>12,"MM/JJ/AAAA (2e nombre > 12 = jour)","AMBIGU - A VERIFIER MANUELLEMENT"))) -> ISO (AAAA-MM-JJ) | F22: =IF(E22="ISO (AAAA-MM-JJ)",DATE(VALUE(LEFT(D22,4)),VALUE(MID(D22,6,2)),VALUE(RIGHT(D22,2))),IF(E22="JJ/MM/AAAA (1er nombre > 12 = jour)",DATE(VALUE(RIGHT(D22,4)),VALUE(MID(D22,FIND("/",D22)+1,2)),VALUE(LEFT(D22,FIND("/",D22)-1))),IF(E22="MM/JJ/AAAA (2e nombre > 12 = jour)",DATE(VALUE(RIGHT(D22,4)),VALUE(LEFT(D22,FIND("/",D22)-1)),VALUE(MID(D22,FIND("/",D22)+1,2))),"—"))) -> 45765 | G22: =IF(ISBLANK('Données brutes'!E22),"—",'Données brutes'!E22) -> 1020000 | H22: ='Données brutes'!F22 -> CDF | I22: =IF(H22="","(vide)",IF(OR(H22="USD",H22="US$",H22="$",H22="Dollars"),"USD",IF(H22="EUR","EUR",IF(H22="CDF","CDF",H22)))) -> CDF | J22: =IF(I22="USD",$R$5,IF(I22="EUR",$R$6,IF(I22="CDF",$R$7,"TAUX INCONNU"))) -> 0.00036 | K22: =IF(OR(ISTEXT(J22),ISTEXT(G22)),"—",G22*J22) -> 367.2 | L22: =COUNTIFS('Données brutes'!$A$5:$A$22,A22,'Données brutes'!$C$5:$C$22,C22,'Données brutes'!$D$5:$D$22,D22,'Données brutes'!$E$5:$E$22,G22,'Données brutes'!$F$5:$F$22,H22) -> 1 | M22: =IF(L22>1,"OUI - doublon exact, a verifier avant suppression","NON") -> NON | N22: =IF(ISBLANK('Données brutes'!G22),"—",'Données brutes'!G22) -> En cours | O22: =IF((IF(E22="AMBIGU - A VERIFIER MANUELLEMENT",1,0)+IF(M22<>"NON",1,0)+IF(ISBLANK('Données brutes'!E22),1,0)+IF(ISBLANK('Données brutes'!G22),1,0))=0,"—",TRIM(IF(E22="AMBIGU - A VERIFIER MANUELLEMENT","Date ambigue; ","")&IF(M22<>"NON","Doublon potentiel; ","")&IF(ISBLANK('Données brutes'!E22),"Montant manquant; ","")&IF(ISBLANK('Données brutes'!G22),"Statut manquant; ",""))) -> —
A24: SYNTHÈSE
A25: Nombre total de lignes brutes | E25: =COUNTA('Données brutes'!A5:A22) -> 18
A26: Dont doublons exacts détectés | E26: =COUNTIF(M5:M22,"OUI*") -> 2
A27: Dont lignes avec anomalie (date ambiguë, donnée manquante...) | E27: =COUNTIF(O5:O22,"?*")-COUNTIF(O5:O22,"—") -> 7
A28: Montant total converti (USD) — lignes sans anomalie uniquement | E28: =SUMIFS(K5:K22,O5:O22,"—") -> 18377.6

Sheet Notes de transformation
A1: NOTES DE TRANSFORMATION
A2: Module 07 — Systèmes ERP Humanitaires — BK-BOOST Ltd. — À documenter à chaque cycle de reporting.
A4: Étape | B4: Ce qui a été fait / à documenter chaque mois
A5: 1. Source | B5: Fichier source non modifié, transformation faite sur copie (Power Query / feuille dédiée). Nom du fichier d'export, date d'export et période couverte à indiquer ici chaque mois.
A6: 2. Doublons | B6: Critère d'unicité utilisé : N° PO + Article + Date + Montant + Devise (correspondance exacte sur les 5 champs). Nombre de doublons exacts détectés ce mois : voir feuille 'Données nettoyées', cellule E23. Ne jamais supprimer sur simple ressemblance visuelle — toujours vérifier le numéro de PO.
A7: 3. Dates | B7: Formats rencontrés : JJ/MM/AAAA, MM/JJ/AAAA et AAAA-MM-JJ mélangés dans le même export. Les dates réellement ambiguës (ex. 05/04/2025) sont marquées 'AMBIGU - A VERIFIER' et ne sont jamais devinées — remonter à la source de saisie.
A8: 4. Devises | B8: Devise de reporting unique : USD. Taux appliqués et leur source à documenter dans la feuille 'Données nettoyées', colonnes Q:R, chaque mois. Montant original toujours conservé à côté du montant converti.
A9: 5. Lignes incomplètes | B9: Toute ligne avec un champ clé manquant (montant, statut) est signalée en anomalie et exclue des totaux jusqu'à confirmation — jamais comptée par défaut.
A10: 6. Reproductibilité | B10: En Excel réel : Données > Récupérer et transformer > Power Query. Une fois le pipeline construit, un nouvel export s'actualise avec Données > Actualiser tout, sans refaire les étapes manuellement. Voir le guide complet dans 02-outils.md.
