Workbook

Sheet Grille d'évaluation
A1: GRILLE D'ÉVALUATION DES RISQUES SÉCURITAIRES — ITINÉRAIRE / MISSION
A2: Formation en Logistique Humanitaire · Module 07 · BK-BOOST Ltd.
A3: À compléter avant tout mouvement logistique en zone à risque. Probabilité et impact s'évaluent de 1 (très faible) à 5 (très élevé). Le score et l'alerte se calculent automatiquement.
A5: Risque identifié | B5: Probabilité (1-5) | C5: Impact (1-5) | D5: Score (P × I) | E5: Mesure d'atténuation | F5: Risque résiduel (1-5) | G5: Alerte
A6: EXEMPLE — Checkpoint tenu par un groupe armé non étatique sur l'axe principal | B6: 4 | C6: 5 | D6: =B6*C6 -> 20 | E6: Négociation d'accès préalable via le réseau CICR/point focal local ; convoi annoncé à l'avance ; pas de matériel à connotation militaire ou double usage | F6: 2 | G6: =IF(F6>=4,"⚠ à valider hiérarchie","")
A7: EXEMPLE — Tronçon de route non entretenu, risque d'enlisement en saison des pluies | B7: 3 | C7: 3 | D7: =B7*C7 -> 9 | E7: Reconnaissance véhicule léger 24h avant ; kit de désensablement à bord ; fenêtre de départ ajustée à la météo | F7: 2 | G7: =IF(F7>=4,"⚠ à valider hiérarchie","")
A8: EXEMPLE — Zone de signalement récent d'embuscade (< 30 jours) | B8: 2 | C8: 5 | D8: =B8*C8 -> 10 | E8: Départ en convoi groupé, horaires de circulation en journée uniquement, check-in radio toutes les heures | F8: 2 | G8: =IF(F8>=4,"⚠ à valider hiérarchie","")
D9: =IF(AND(B9="",C9=""),"",B9*C9) | G9: =IF(F9="","",IF(F9>=4,"⚠ à valider hiérarchie",""))
D10: =IF(AND(B10="",C10=""),"",B10*C10) | G10: =IF(F10="","",IF(F10>=4,"⚠ à valider hiérarchie",""))
D11: =IF(AND(B11="",C11=""),"",B11*C11) | G11: =IF(F11="","",IF(F11>=4,"⚠ à valider hiérarchie",""))
D12: =IF(AND(B12="",C12=""),"",B12*C12) | G12: =IF(F12="","",IF(F12>=4,"⚠ à valider hiérarchie",""))
D13: =IF(AND(B13="",C13=""),"",B13*C13) | G13: =IF(F13="","",IF(F13>=4,"⚠ à valider hiérarchie",""))
D14: =IF(AND(B14="",C14=""),"",B14*C14) | G14: =IF(F14="","",IF(F14>=4,"⚠ à valider hiérarchie",""))
D15: =IF(AND(B15="",C15=""),"",B15*C15) | G15: =IF(F15="","",IF(F15>=4,"⚠ à valider hiérarchie",""))
D16: =IF(AND(B16="",C16=""),"",B16*C16) | G16: =IF(F16="","",IF(F16>=4,"⚠ à valider hiérarchie",""))
D17: =IF(AND(B17="",C17=""),"",B17*C17) | G17: =IF(F17="","",IF(F17>=4,"⚠ à valider hiérarchie",""))
D18: =IF(AND(B18="",C18=""),"",B18*C18) | G18: =IF(F18="","",IF(F18>=4,"⚠ à valider hiérarchie",""))
D19: =IF(AND(B19="",C19=""),"",B19*C19) | G19: =IF(F19="","",IF(F19>=4,"⚠ à valider hiérarchie",""))
D20: =IF(AND(B20="",C20=""),"",B20*C20) | G20: =IF(F20="","",IF(F20>=4,"⚠ à valider hiérarchie",""))

Sheet Synthèse
A1: SYNTHÈSE DES RISQUES PAR NIVEAU DE SÉVÉRITÉ
A2: Formation en Logistique Humanitaire · Module 07 · BK-BOOST Ltd.
A4: Bande de sévérité (score P × I) | B4: Plage de score | C4: Nombre de risques
A5: Faible | B5: 1 - 5 | C5: =COUNTIFS('Grille d''évaluation'!$D$6:$D$20,">="&1,'Grille d''évaluation'!$D$6:$D$20,"<="&5) -> 0
A6: Modéré | B6: 6 - 10 | C6: =COUNTIFS('Grille d''évaluation'!$D$6:$D$20,">="&6,'Grille d''évaluation'!$D$6:$D$20,"<="&10) -> 2
A7: Élevé | B7: 11 - 15 | C7: =COUNTIFS('Grille d''évaluation'!$D$6:$D$20,">="&11,'Grille d''évaluation'!$D$6:$D$20,"<="&15) -> 0
A8: Critique | B8: 16 - 25 | C8: =COUNTIFS('Grille d''évaluation'!$D$6:$D$20,">="&16,'Grille d''évaluation'!$D$6:$D$20,"<="&25) -> 1
A10: Risques résiduels nécessitant validation hiérarchique (résiduel ≥ 4) | C10: =COUNTIFS('Grille d''évaluation'!$F$6:$F$20,">=4") -> 0
