Workbook

Sheet Export brut
A1: EXPORT FINANCIER BRUT (TYPE LINK)
A2: Module 07 · Systèmes de Gestion Financière — SAGA, LINK & Excel Avancé · BK-BOOST Ltd.
A4: Projet | B4: Bailleur | C4: Rubrique | D4: Montant (USD) | E4: Date | F4: Mois (calculé)
A5: PROJ-TCD-02 | B5: ECHO | C5: Loyer | D5: 3975.42 | E5: 2026-01-15 | F5: =LEFT(E5,7) -> 2026-01
A6: PROJ-HTI-03 | B6: ECHO | C6: Fournitures | D6: 3580.17 | E6: 2026-03-15 | F6: =LEFT(E6,7) -> 2026-03
A7: PROJ-RDC-01 | B7: ECHO | C7: Transport | D7: 2715.14 | E7: 2026-01-15 | F7: =LEFT(E7,7) -> 2026-01
A8: PROJ-RDC-01 | B8: ECHO | C8: Formation | D8: 2662.21 | E8: 2026-03-15 | F8: =LEFT(E8,7) -> 2026-03
A9: PROJ-RDC-01 | B9: ECHO | C9: Formation | D9: 5696.71 | E9: 2026-03-15 | F9: =LEFT(E9,7) -> 2026-03
A10: PROJ-HTI-03 | B10: USAID/BHA | C10: Transport | D10: 5862.28 | E10: 2026-01-15 | F10: =LEFT(E10,7) -> 2026-01
A11: PROJ-HTI-03 | B11: ECHO | C11: Fournitures | D11: 2631.01 | E11: 2026-03-15 | F11: =LEFT(E11,7) -> 2026-03
A12: PROJ-RDC-01 | B12: Fonds privés | C12: Fournitures | D12: 3449.49 | E12: 2026-03-15 | F12: =LEFT(E12,7) -> 2026-03
A13: PROJ-RDC-01 | B13: ECHO | C13: Formation | D13: 3512.99 | E13: 2026-01-15 | F13: =LEFT(E13,7) -> 2026-01
A14: PROJ-TCD-02 | B14: ECHO | C14: Formation | D14: 4330.24 | E14: 2026-03-15 | F14: =LEFT(E14,7) -> 2026-03
A15: PROJ-RDC-01 | B15: Fonds privés | C15: Salaires | D15: 3079.2 | E15: 2026-03-15 | F15: =LEFT(E15,7) -> 2026-03
A16: PROJ-TCD-02 | B16: USAID/BHA | C16: Loyer | D16: 3596.26 | E16: 2026-02-15 | F16: =LEFT(E16,7) -> 2026-02
... A49: PROJ-TCD-02 | B49: ECHO | C49: Formation | D49: 5502.05 | E49: 2026-03-15 | F49: =LEFT(E49,7) -> 2026-03

Sheet Tableau de bord
A1: TABLEAU DE BORD FINANCIER PAR BAILLEUR ET PAR MOIS
A2: Calculé automatiquement depuis l'onglet 'Export brut' (SUMIFS sur la colonne Mois) — ne pas modifier les formules.
A4: Bailleur | B4: 2026-01 | C4: 2026-02 | D4: 2026-03 | E4: Total
A5: ECHO | B5: =SUMIFS('Export brut'!$D$5:$D$49,'Export brut'!$B$5:$B$49,$A5,'Export brut'!$F$5:$F$49,B$4) -> 16404.65 | C5: =SUMIFS('Export brut'!$D$5:$D$49,'Export brut'!$B$5:$B$49,$A5,'Export brut'!$F$5:$F$49,C$4) -> 12617.64 | D5: =SUMIFS('Export brut'!$D$5:$D$49,'Export brut'!$B$5:$B$49,$A5,'Export brut'!$F$5:$F$49,D$4) -> 31524.32 | E5: =SUM(B5:D5) -> 60546.61
A6: USAID/BHA | B6: =SUMIFS('Export brut'!$D$5:$D$49,'Export brut'!$B$5:$B$49,$A6,'Export brut'!$F$5:$F$49,B$4) -> 11907.69 | C6: =SUMIFS('Export brut'!$D$5:$D$49,'Export brut'!$B$5:$B$49,$A6,'Export brut'!$F$5:$F$49,C$4) -> 11460.75 | D6: =SUMIFS('Export brut'!$D$5:$D$49,'Export brut'!$B$5:$B$49,$A6,'Export brut'!$F$5:$F$49,D$4) -> 10277.24 | E6: =SUM(B6:D6) -> 33645.68
A7: Fonds privés | B7: =SUMIFS('Export brut'!$D$5:$D$49,'Export brut'!$B$5:$B$49,$A7,'Export brut'!$F$5:$F$49,B$4) -> 8185.92 | C7: =SUMIFS('Export brut'!$D$5:$D$49,'Export brut'!$B$5:$B$49,$A7,'Export brut'!$F$5:$F$49,C$4) -> 21732.36 | D7: =SUMIFS('Export brut'!$D$5:$D$49,'Export brut'!$B$5:$B$49,$A7,'Export brut'!$F$5:$F$49,D$4) -> 13576.45 | E7: =SUM(B7:D7) -> 43494.73
A8: TOTAL | B8: =SUM(B5:B7) -> 36498.26 | C8: =SUM(C5:C7) -> 45810.75 | D8: =SUM(D5:D7) -> 55378.01 | E8: =SUM(E5:E7) -> 137687.02
A10: Note méthodologique : tableau construit avec SUMIFS multi-critères (bailleur x mois) plutôt qu'un TCD natif openpyxl, dont la fiabilité de génération programmatique est limitée — le résultat pratique pour l'apprenant est identique à un TCD Excel réel construit sur les mêmes données.
