Workbook

Sheet Entraînement
A1: GRILLE D'ENTRAÎNEMENT AUX TESTS TECHNIQUES CHRONOMÉTRÉS
A2: Module 04 — Préparation aux Tests Techniques & Études de Cas — BK-BOOST Ltd.
A4: Date | B4: Type de test | C4: Secteur | D4: Temps alloué (min) | E4: Temps réel pris (min) | F4: Écart (min) | G4: Score auto-évalué (/10) | H4: Points à améliorer | I4: Statut
A5: 2026-08-10 | B5: Test technique écrit | C5: Supply Chain | D5: 45 | E5: 52 | F5: =E5-D5 -> 7 | G5: 6 | H5: Gestion des priorités sous pression, calculs de ratios trop lents | I5: Terminé
A6: 2026-08-14 | B6: Étude de cas | C6: Finance | D6: 60 | E6: 58 | F6: =E6-D6 -> -2 | G6: 7 | H6: Justification chiffrée insuffisante face aux questions du jury | I6: Terminé
A7: 2026-08-19 | B7: Simulation orale (défense) | C7: RH | D7: 30 | E7: 35 | F7: =E7-D7 -> 5 | G7: 5 | H7: Manque d'assurance quand challengé, recul trop rapide devant l'objection | I7: À refaire
F8: =IF(OR(D8="",E8=""),"",E8-D8)
F9: =IF(OR(D9="",E9=""),"",E9-D9)
F10: =IF(OR(D10="",E10=""),"",E10-D10)
F11: =IF(OR(D11="",E11=""),"",E11-D11)
F12: =IF(OR(D12="",E12=""),"",E12-D12)
F13: =IF(OR(D13="",E13=""),"",E13-D13)
F14: =IF(OR(D14="",E14=""),"",E14-D14)
F15: =IF(OR(D15="",E15=""),"",E15-D15)
F16: =IF(OR(D16="",E16=""),"",E16-D16)
F17: =IF(OR(D17="",E17=""),"",E17-D17)
F18: =IF(OR(D18="",E18=""),"",E18-D18)
F19: =IF(OR(D19="",E19=""),"",E19-D19)
A21: Légende : complétez les lignes vides ci-dessus après chaque séance chronométrée. Les 3 premières lignes sont des exemples de référence.

Sheet Progression
A1: PROGRESSION DES ENTRAÎNEMENTS PAR SECTEUR
A2: Calculée automatiquement à partir de l'onglet Entraînement — ne pas modifier les formules.
A4: Secteur | B4: Nombre de séances enregistrées | C4: Temps moyen alloué (min) | D4: Temps moyen réel (min) | E4: Écart moyen (min) | F4: Score moyen auto-évalué (/10)
A5: Supply Chain | B5: =COUNTIF(Entraînement!$C$5:$C$19,A5) -> 1 | C5: =IF(B5=0,"—",ROUND(AVERAGEIF(Entraînement!$C$5:$C$19,A5,Entraînement!$D$5:$D$19),1)) -> 45 | D5: =IF(B5=0,"—",ROUND(AVERAGEIF(Entraînement!$C$5:$C$19,A5,Entraînement!$E$5:$E$19),1)) -> 52 | E5: =IF(OR(C5="—",D5="—"),"—",ROUND(D5-C5,1)) -> 7 | F5: =IF(B5=0,"—",ROUND(AVERAGEIF(Entraînement!$C$5:$C$19,A5,Entraînement!$G$5:$G$19),1)) -> 6
A6: Finance | B6: =COUNTIF(Entraînement!$C$5:$C$19,A6) -> 1 | C6: =IF(B6=0,"—",ROUND(AVERAGEIF(Entraînement!$C$5:$C$19,A6,Entraînement!$D$5:$D$19),1)) -> 60 | D6: =IF(B6=0,"—",ROUND(AVERAGEIF(Entraînement!$C$5:$C$19,A6,Entraînement!$E$5:$E$19),1)) -> 58 | E6: =IF(OR(C6="—",D6="—"),"—",ROUND(D6-C6,1)) -> -2 | F6: =IF(B6=0,"—",ROUND(AVERAGEIF(Entraînement!$C$5:$C$19,A6,Entraînement!$G$5:$G$19),1)) -> 7
A7: RH | B7: =COUNTIF(Entraînement!$C$5:$C$19,A7) -> 1 | C7: =IF(B7=0,"—",ROUND(AVERAGEIF(Entraînement!$C$5:$C$19,A7,Entraînement!$D$5:$D$19),1)) -> 30 | D7: =IF(B7=0,"—",ROUND(AVERAGEIF(Entraînement!$C$5:$C$19,A7,Entraînement!$E$5:$E$19),1)) -> 35 | E7: =IF(OR(C7="—",D7="—"),"—",ROUND(D7-C7,1)) -> 5 | F7: =IF(B7=0,"—",ROUND(AVERAGEIF(Entraînement!$C$5:$C$19,A7,Entraînement!$G$5:$G$19),1)) -> 5
A8: Gestion de projet | B8: =COUNTIF(Entraînement!$C$5:$C$19,A8) -> 0 | C8: =IF(B8=0,"—",ROUND(AVERAGEIF(Entraînement!$C$5:$C$19,A8,Entraînement!$D$5:$D$19),1)) -> — | D8: =IF(B8=0,"—",ROUND(AVERAGEIF(Entraînement!$C$5:$C$19,A8,Entraînement!$E$5:$E$19),1)) -> — | E8: =IF(OR(C8="—",D8="—"),"—",ROUND(D8-C8,1)) -> — | F8: =IF(B8=0,"—",ROUND(AVERAGEIF(Entraînement!$C$5:$C$19,A8,Entraînement!$G$5:$G$19),1)) -> —
A9: TOTAL / Ensemble des séances | B9: =SUM(B5:B8) -> 3 | C9: =IF(B9=0,"—",ROUND(AVERAGE(Entraînement!$D$5:$D$19),1)) -> 45 | D9: =IF(B9=0,"—",ROUND(AVERAGE(Entraînement!$E$5:$E$19),1)) -> 48.3 | E9: =IF(OR(C9="—",D9="—"),"—",ROUND(D9-C9,1)) -> 3.3 | F9: =IF(B9=0,"—",ROUND(AVERAGE(Entraînement!$G$5:$G$19),1)) -> 6
A11: Lecture : un écart moyen positif signifie que vous dépassez systématiquement le temps alloué — travaillez la gestion du temps avant le fond technique sur ce secteur.
