Workbook

Sheet Registre quotidien
A1: REGISTRE DE SUIVI — CHAÎNE DU FROID
A2: Module 05 — Chaîne du Froid & Produits Médicaux — BK-BOOST Ltd.
A4: Date | B4: Unité de froid | C4: Relevé matin (°C) | D4: Statut matin | E4: Relevé après-midi (°C) | F4: Statut après-midi | G4: Observations
A5: 2026-03-13 | B5: Réfrigérateur PEV - Rutshuru | C5: 4 | D5: =IF(C5="","",IF(OR(C5<2,C5>8),"HORS PLAGE","OK")) -> OK | E5: 5 | F5: =IF(E5="","",IF(OR(E5<2,E5>8),"HORS PLAGE","OK")) -> OK
A6: 2026-03-14 | B6: Réfrigérateur PEV - Rutshuru | D6: =IF(C6="","",IF(OR(C6<2,C6>8),"HORS PLAGE","OK")) | E6: 9 | F6: =IF(E6="","",IF(OR(E6<2,E6>8),"HORS PLAGE","OK")) -> HORS PLAGE | G6: Relevé matin manquant — coupure réseau, aucun agent sur site le samedi matin
A7: 2026-03-15 | B7: Réfrigérateur PEV - Rutshuru | C7: 11 | D7: =IF(C7="","",IF(OR(C7<2,C7>8),"HORS PLAGE","OK")) -> HORS PLAGE | E7: 6 | F7: =IF(E7="","",IF(OR(E7<2,E7>8),"HORS PLAGE","OK")) -> OK | G7: Groupe électrogène redémarré dimanche en fin de journée
A8: 2026-03-16 | B8: Réfrigérateur PEV - Rutshuru | C8: 4 | D8: =IF(C8="","",IF(OR(C8<2,C8>8),"HORS PLAGE","OK")) -> OK | E8: 5 | F8: =IF(E8="","",IF(OR(E8<2,E8>8),"HORS PLAGE","OK")) -> OK | G8: Retour à la normale confirmé
A9: 2026-03-13 | B9: Chambre froide - Entrepôt régional | C9: 5 | D9: =IF(C9="","",IF(OR(C9<2,C9>8),"HORS PLAGE","OK")) -> OK | E9: 6 | F9: =IF(E9="","",IF(OR(E9<2,E9>8),"HORS PLAGE","OK")) -> OK
A10: 2026-03-14 | B10: Chambre froide - Entrepôt régional | C10: 5 | D10: =IF(C10="","",IF(OR(C10<2,C10>8),"HORS PLAGE","OK")) -> OK | E10: 5 | F10: =IF(E10="","",IF(OR(E10<2,E10>8),"HORS PLAGE","OK")) -> OK
A11: 2026-03-15 | B11: Chambre froide - Entrepôt régional | C11: 6 | D11: =IF(C11="","",IF(OR(C11<2,C11>8),"HORS PLAGE","OK")) -> OK | E11: 6 | F11: =IF(E11="","",IF(OR(E11<2,E11>8),"HORS PLAGE","OK")) -> OK
A12: 2026-03-16 | B12: Chambre froide - Entrepôt régional | C12: 5 | D12: =IF(C12="","",IF(OR(C12<2,C12>8),"HORS PLAGE","OK")) -> OK | E12: 5 | F12: =IF(E12="","",IF(OR(E12<2,E12>8),"HORS PLAGE","OK")) -> OK
D13: =IF(C13="","",IF(OR(C13<2,C13>8),"HORS PLAGE","OK")) | F13: =IF(E13="","",IF(OR(E13<2,E13>8),"HORS PLAGE","OK"))
D14: =IF(C14="","",IF(OR(C14<2,C14>8),"HORS PLAGE","OK")) | F14: =IF(E14="","",IF(OR(E14<2,E14>8),"HORS PLAGE","OK"))
D15: =IF(C15="","",IF(OR(C15<2,C15>8),"HORS PLAGE","OK")) | F15: =IF(E15="","",IF(OR(E15<2,E15>8),"HORS PLAGE","OK"))
D16: =IF(C16="","",IF(OR(C16<2,C16>8),"HORS PLAGE","OK")) | F16: =IF(E16="","",IF(OR(E16<2,E16>8),"HORS PLAGE","OK"))
D17: =IF(C17="","",IF(OR(C17<2,C17>8),"HORS PLAGE","OK")) | F17: =IF(E17="","",IF(OR(E17<2,E17>8),"HORS PLAGE","OK"))
D18: =IF(C18="","",IF(OR(C18<2,C18>8),"HORS PLAGE","OK")) | F18: =IF(E18="","",IF(OR(E18<2,E18>8),"HORS PLAGE","OK"))
D19: =IF(C19="","",IF(OR(C19<2,C19>8),"HORS PLAGE","OK")) | F19: =IF(E19="","",IF(OR(E19<2,E19>8),"HORS PLAGE","OK"))
D20: =IF(C20="","",IF(OR(C20<2,C20>8),"HORS PLAGE","OK")) | F20: =IF(E20="","",IF(OR(E20<2,E20>8),"HORS PLAGE","OK"))
D21: =IF(C21="","",IF(OR(C21<2,C21>8),"HORS PLAGE","OK")) | F21: =IF(E21="","",IF(OR(E21<2,E21>8),"HORS PLAGE","OK"))
D22: =IF(C22="","",IF(OR(C22<2,C22>8),"HORS PLAGE","OK")) | F22: =IF(E22="","",IF(OR(E22<2,E22>8),"HORS PLAGE","OK"))
D23: =IF(C23="","",IF(OR(C23<2,C23>8),"HORS PLAGE","OK")) | F23: =IF(E23="","",IF(OR(E23<2,E23>8),"HORS PLAGE","OK"))
D24: =IF(C24="","",IF(OR(C24<2,C24>8),"HORS PLAGE","OK")) | F24: =IF(E24="","",IF(OR(E24<2,E24>8),"HORS PLAGE","OK"))
... D40: =IF(C40="","",IF(OR(C40<2,C40>8),"HORS PLAGE","OK")) | F40: =IF(E40="","",IF(OR(E40<2,E40>8),"HORS PLAGE","OK"))
A42: Plage de référence : 2°C à 8°C. Deux relevés obligatoires par jour, 7j/7, y compris week-ends et jours fériés. Tout relevé « HORS PLAGE » doit déclencher une alerte immédiate (voir Module 05 — 02. Outils).

Sheet Synthèse mensuelle
A1: SYNTHÈSE MENSUELLE — EXCURSIONS DE TEMPÉRATURE
A2: Calculée automatiquement à partir de l'onglet « Registre quotidien » — ne pas modifier les formules.
A4: Unité de froid | B4: Relevés hors plage (matin) | C4: Relevés hors plage (après-midi) | D4: Total excursions | E4: Temp. min (°C) | F4: Temp. max (°C) | G4: Temp. moyenne (°C)
A5: Réfrigérateur PEV - Rutshuru | B5: =COUNTIFS('Registre quotidien'!$B$5:$B$40,A5,'Registre quotidien'!$D$5:$D$40,"HORS PLAGE") -> 1 | C5: =COUNTIFS('Registre quotidien'!$B$5:$B$40,A5,'Registre quotidien'!$F$5:$F$40,"HORS PLAGE") -> 1 | D5: =B5+C5 -> 2 | E5: =MIN(_xlfn.MINIFS('Registre quotidien'!$C$5:$C$40,'Registre quotidien'!$B$5:$B$40,A5),_xlfn.MINIFS('Registre quotidien'!$E$5:$E$40,'Registre quotidien'!$B$5:$B$40,A5)) -> 4 | F5: =MAX(_xlfn.MAXIFS('Registre quotidien'!$C$5:$C$40,'Registre quotidien'!$B$5:$B$40,A5),_xlfn.MAXIFS('Registre quotidien'!$E$5:$E$40,'Registre quotidien'!$B$5:$B$40,A5)) -> 11 | G5: =(SUMIFS('Registre quotidien'!$C$5:$C$40,'Registre quotidien'!$B$5:$B$40,A5)+SUMIFS('Registre quotidien'!$E$5:$E$40,'Registre quotidien'!$B$5:$B$40,A5))/(COUNTIFS('Registre quotidien'!$B$5:$B$40,A5,'Registre quotidien'!$C$5:$C$40,"<>")+COUNTIFS('Registre quotidien'!$B$5:$B$40,A5,'Registre quotidien'!$E$5:$E$40,"<>")) -> 6.2857143
A6: Chambre froide - Entrepôt régional | B6: =COUNTIFS('Registre quotidien'!$B$5:$B$40,A6,'Registre quotidien'!$D$5:$D$40,"HORS PLAGE") -> 0 | C6: =COUNTIFS('Registre quotidien'!$B$5:$B$40,A6,'Registre quotidien'!$F$5:$F$40,"HORS PLAGE") -> 0 | D6: =B6+C6 -> 0 | E6: =MIN(_xlfn.MINIFS('Registre quotidien'!$C$5:$C$40,'Registre quotidien'!$B$5:$B$40,A6),_xlfn.MINIFS('Registre quotidien'!$E$5:$E$40,'Registre quotidien'!$B$5:$B$40,A6)) -> 5 | F6: =MAX(_xlfn.MAXIFS('Registre quotidien'!$C$5:$C$40,'Registre quotidien'!$B$5:$B$40,A6),_xlfn.MAXIFS('Registre quotidien'!$E$5:$E$40,'Registre quotidien'!$B$5:$B$40,A6)) -> 6 | G6: =(SUMIFS('Registre quotidien'!$C$5:$C$40,'Registre quotidien'!$B$5:$B$40,A6)+SUMIFS('Registre quotidien'!$E$5:$E$40,'Registre quotidien'!$B$5:$B$40,A6))/(COUNTIFS('Registre quotidien'!$B$5:$B$40,A6,'Registre quotidien'!$C$5:$C$40,"<>")+COUNTIFS('Registre quotidien'!$B$5:$B$40,A6,'Registre quotidien'!$E$5:$E$40,"<>")) -> 5.375
A7: TOTAL toutes unités | B7: =SUM(B5:B6) -> 1 | C7: =SUM(C5:C6) -> 1 | D7: =SUM(D5:D6) -> 2
A9: Une unité qui cumule plusieurs excursions sur le mois doit être signalée à la coordination logistique pour vérification ou remplacement (voir Module 05 — 02. Outils, Étape 6).
