Workbook

Sheet Données brutes
A1: DONNÉES BRUTES — ACHATS & STOCKS
A2: Module 08 — KPIs, Reporting & Tableau de Bord Supply Chain — BK-BOOST Ltd.
A4: ID ligne | B4: Catégorie | C4: Zone / Entrepôt | D4: Période (AAAA-MM) | E4: Date demande d'achat | F4: Date réception | G4: Délai (jours) | H4: En rupture ce mois | I4: Statut conformité achat
A5: 1 | B5: Médicaments essentiels | C5: Entrepôt principal - Maiduguri | D5: 2026-06 | E5: 46175 | F5: 46200 | G5: =IFERROR(F5-E5,"") -> 25 | H5: Non | I5: Conforme
A6: 2 | B6: Médicaments essentiels | C6: Entrepôt principal - Maiduguri | D6: 2026-06 | E6: 46184 | F6: 46206 | G6: =IFERROR(F6-E6,"") -> 22 | H6: Non | I6: Conforme
A7: 3 | B7: Médicaments essentiels | C7: Entrepôt principal - Maiduguri | D7: 2026-06 | E7: 46183 | F7: 46204 | G7: =IFERROR(F7-E7,"") -> 21 | H7: Non | I7: Conforme
A8: 4 | B8: Médicaments essentiels | C8: Entrepôt principal - Maiduguri | D8: 2026-06 | E8: 46174 | F8: 46196 | G8: =IFERROR(F8-E8,"") -> 22 | H8: Non | I8: Conforme
A9: 5 | B9: Médicaments essentiels | C9: Entrepôt principal - Maiduguri | D9: 2026-06 | E9: 46182 | F9: 46200 | G9: =IFERROR(F9-E9,"") -> 18 | H9: Non | I9: Conforme
A10: 6 | B10: Médicaments essentiels | C10: Entrepôt secondaire - Monguno | D10: 2026-06 | E10: 46180 | F10: 46204 | G10: =IFERROR(F10-E10,"") -> 24 | H10: Non | I10: Conforme
A11: 7 | B11: Médicaments essentiels | C11: Entrepôt secondaire - Monguno | D11: 2026-06 | E11: 46179 | F11: 46204 | G11: =IFERROR(F11-E11,"") -> 25 | H11: Non | I11: Conforme
A12: 8 | B12: Médicaments essentiels | C12: Entrepôt secondaire - Monguno | D12: 2026-06 | E12: 46178 | F12: 46202 | G12: =IFERROR(F12-E12,"") -> 24 | H12: Non | I12: Conforme
A13: 9 | B13: Kits d'hygiène | C13: Entrepôt principal - Maiduguri | D13: 2026-06 | E13: 46175 | F13: 46200 | G13: =IFERROR(F13-E13,"") -> 25 | H13: Non | I13: Conforme
A14: 10 | B14: Kits d'hygiène | C14: Entrepôt principal - Maiduguri | D14: 2026-06 | E14: 46183 | F14: 46204 | G14: =IFERROR(F14-E14,"") -> 21 | H14: Non | I14: Conforme
A15: 11 | B15: Kits d'hygiène | C15: Entrepôt principal - Maiduguri | D15: 2026-06 | E15: 46177 | F15: 46198 | G15: =IFERROR(F15-E15,"") -> 21 | H15: Non | I15: Conforme
A16: 12 | B16: Kits d'hygiène | C16: Entrepôt principal - Maiduguri | D16: 2026-06 | E16: 46175 | F16: 46195 | G16: =IFERROR(F16-E16,"") -> 20 | H16: Non | I16: Conforme
... A96: 92 | B96: Nutrition | C96: Entrepôt secondaire - Monguno | D96: 2026-08 | E96: 46244 | F96: 46280 | G96: =IFERROR(F96-E96,"") -> 36 | H96: Non | I96: Conforme

Sheet Tableau de bord
A1: TABLEAU DE BORD KPI SUPPLY CHAIN
A2: Calculé automatiquement à partir de l'onglet "Données brutes" — ne pas modifier les formules.
A4: Taux de rupture de stock (global) | C4: Délai d'approvisionnement moyen | E4: Taux de conformité achats (global)
A5: =IFERROR(COUNTIF('Données brutes'!H5:H96,"Oui")/COUNTA('Données brutes'!A5:A96)*100,0) -> 5.4347826 | C5: =IFERROR(AVERAGE('Données brutes'!G5:G96),0) -> 28.619565 | E5: =IFERROR(COUNTIF('Données brutes'!I5:I96,"Conforme")/COUNTA('Données brutes'!A5:A96)*100,0) -> 96.73913
A6: Part des lignes d'article en rupture sur la période | C6: Délai moyen demande d'achat -> réception entrepôt | E6: Part des dossiers d'achat conformes à la procédure
A9: 1. | B9: Synthèse par catégorie et par période
A11: Catégorie | B11: Période | C11: Nb lignes | D11: Taux de rupture (%) | E11: Délai moyen (jours) | F11: Taux de conformité (%)
A12: Médicaments essentiels | B12: 2026-06 | C12: =COUNTIFS('Données brutes'!B5:B96,$A12,'Données brutes'!D5:D96,$B12) -> 8 | D12: =IFERROR(COUNTIFS('Données brutes'!B5:B96,$A12,'Données brutes'!D5:D96,$B12,'Données brutes'!H5:H96,"Oui")/COUNTIFS('Données brutes'!B5:B96,$A12,'Données brutes'!D5:D96,$B12)*100,0) -> 0 | E12: =IFERROR(AVERAGEIFS('Données brutes'!G5:G96,'Données brutes'!B5:B96,$A12,'Données brutes'!D5:D96,$B12),0) -> 22.625 | F12: =IFERROR(COUNTIFS('Données brutes'!B5:B96,$A12,'Données brutes'!D5:D96,$B12,'Données brutes'!I5:I96,"Conforme")/COUNTIFS('Données brutes'!B5:B96,$A12,'Données brutes'!D5:D96,$B12)*100,0) -> 100
A13: Médicaments essentiels | B13: 2026-07 | C13: =COUNTIFS('Données brutes'!B5:B96,$A13,'Données brutes'!D5:D96,$B13) -> 7 | D13: =IFERROR(COUNTIFS('Données brutes'!B5:B96,$A13,'Données brutes'!D5:D96,$B13,'Données brutes'!H5:H96,"Oui")/COUNTIFS('Données brutes'!B5:B96,$A13,'Données brutes'!D5:D96,$B13)*100,0) -> 0 | E13: =IFERROR(AVERAGEIFS('Données brutes'!G5:G96,'Données brutes'!B5:B96,$A13,'Données brutes'!D5:D96,$B13),0) -> 28.428571 | F13: =IFERROR(COUNTIFS('Données brutes'!B5:B96,$A13,'Données brutes'!D5:D96,$B13,'Données brutes'!I5:I96,"Conforme")/COUNTIFS('Données brutes'!B5:B96,$A13,'Données brutes'!D5:D96,$B13)*100,0) -> 85.714286
A14: Médicaments essentiels | B14: 2026-08 | C14: =COUNTIFS('Données brutes'!B5:B96,$A14,'Données brutes'!D5:D96,$B14) -> 8 | D14: =IFERROR(COUNTIFS('Données brutes'!B5:B96,$A14,'Données brutes'!D5:D96,$B14,'Données brutes'!H5:H96,"Oui")/COUNTIFS('Données brutes'!B5:B96,$A14,'Données brutes'!D5:D96,$B14)*100,0) -> 12.5 | E14: =IFERROR(AVERAGEIFS('Données brutes'!G5:G96,'Données brutes'!B5:B96,$A14,'Données brutes'!D5:D96,$B14),0) -> 35.25 | F14: =IFERROR(COUNTIFS('Données brutes'!B5:B96,$A14,'Données brutes'!D5:D96,$B14,'Données brutes'!I5:I96,"Conforme")/COUNTIFS('Données brutes'!B5:B96,$A14,'Données brutes'!D5:D96,$B14)*100,0) -> 100
A15: Kits d'hygiène | B15: 2026-06 | C15: =COUNTIFS('Données brutes'!B5:B96,$A15,'Données brutes'!D5:D96,$B15) -> 8 | D15: =IFERROR(COUNTIFS('Données brutes'!B5:B96,$A15,'Données brutes'!D5:D96,$B15,'Données brutes'!H5:H96,"Oui")/COUNTIFS('Données brutes'!B5:B96,$A15,'Données brutes'!D5:D96,$B15)*100,0) -> 0 | E15: =IFERROR(AVERAGEIFS('Données brutes'!G5:G96,'Données brutes'!B5:B96,$A15,'Données brutes'!D5:D96,$B15),0) -> 23.25 | F15: =IFERROR(COUNTIFS('Données brutes'!B5:B96,$A15,'Données brutes'!D5:D96,$B15,'Données brutes'!I5:I96,"Conforme")/COUNTIFS('Données brutes'!B5:B96,$A15,'Données brutes'!D5:D96,$B15)*100,0) -> 100
A16: Kits d'hygiène | B16: 2026-07 | C16: =COUNTIFS('Données brutes'!B5:B96,$A16,'Données brutes'!D5:D96,$B16) -> 8 | D16: =IFERROR(COUNTIFS('Données brutes'!B5:B96,$A16,'Données brutes'!D5:D96,$B16,'Données brutes'!H5:H96,"Oui")/COUNTIFS('Données brutes'!B5:B96,$A16,'Données brutes'!D5:D96,$B16)*100,0) -> 12.5 | E16: =IFERROR(AVERAGEIFS('Données brutes'!G5:G96,'Données brutes'!B5:B96,$A16,'Données brutes'!D5:D96,$B16),0) -> 29.25 | F16: =IFERROR(COUNTIFS('Données brutes'!B5:B96,$A16,'Données brutes'!D5:D96,$B16,'Données brutes'!I5:I96,"Conforme")/COUNTIFS('Données brutes'!B5:B96,$A16,'Données brutes'!D5:D96,$B16)*100,0) -> 87.5
A17: Kits d'hygiène | B17: 2026-08 | C17: =COUNTIFS('Données brutes'!B5:B96,$A17,'Données brutes'!D5:D96,$B17) -> 6 | D17: =IFERROR(COUNTIFS('Données brutes'!B5:B96,$A17,'Données brutes'!D5:D96,$B17,'Données brutes'!H5:H96,"Oui")/COUNTIFS('Données brutes'!B5:B96,$A17,'Données brutes'!D5:D96,$B17)*100,0) -> 33.333333 | E17: =IFERROR(AVERAGEIFS('Données brutes'!G5:G96,'Données brutes'!B5:B96,$A17,'Données brutes'!D5:D96,$B17),0) -> 32.5 | F17: =IFERROR(COUNTIFS('Données brutes'!B5:B96,$A17,'Données brutes'!D5:D96,$B17,'Données brutes'!I5:I96,"Conforme")/COUNTIFS('Données brutes'!B5:B96,$A17,'Données brutes'!D5:D96,$B17)*100,0) -> 100
A18: Matériel médical | B18: 2026-06 | C18: =COUNTIFS('Données brutes'!B5:B96,$A18,'Données brutes'!D5:D96,$B18) -> 9 | D18: =IFERROR(COUNTIFS('Données brutes'!B5:B96,$A18,'Données brutes'!D5:D96,$B18,'Données brutes'!H5:H96,"Oui")/COUNTIFS('Données brutes'!B5:B96,$A18,'Données brutes'!D5:D96,$B18)*100,0) -> 0 | E18: =IFERROR(AVERAGEIFS('Données brutes'!G5:G96,'Données brutes'!B5:B96,$A18,'Données brutes'!D5:D96,$B18),0) -> 24.888889 | F18: =IFERROR(COUNTIFS('Données brutes'!B5:B96,$A18,'Données brutes'!D5:D96,$B18,'Données brutes'!I5:I96,"Conforme")/COUNTIFS('Données brutes'!B5:B96,$A18,'Données brutes'!D5:D96,$B18)*100,0) -> 100
A19: Matériel médical | B19: 2026-07 | C19: =COUNTIFS('Données brutes'!B5:B96,$A19,'Données brutes'!D5:D96,$B19) -> 8 | D19: =IFERROR(COUNTIFS('Données brutes'!B5:B96,$A19,'Données brutes'!D5:D96,$B19,'Données brutes'!H5:H96,"Oui")/COUNTIFS('Données brutes'!B5:B96,$A19,'Données brutes'!D5:D96,$B19)*100,0) -> 0 | E19: =IFERROR(AVERAGEIFS('Données brutes'!G5:G96,'Données brutes'!B5:B96,$A19,'Données brutes'!D5:D96,$B19),0) -> 29.75 | F19: =IFERROR(COUNTIFS('Données brutes'!B5:B96,$A19,'Données brutes'!D5:D96,$B19,'Données brutes'!I5:I96,"Conforme")/COUNTIFS('Données brutes'!B5:B96,$A19,'Données brutes'!D5:D96,$B19)*100,0) -> 100
A20: Matériel médical | B20: 2026-08 | C20: =COUNTIFS('Données brutes'!B5:B96,$A20,'Données brutes'!D5:D96,$B20) -> 8 | D20: =IFERROR(COUNTIFS('Données brutes'!B5:B96,$A20,'Données brutes'!D5:D96,$B20,'Données brutes'!H5:H96,"Oui")/COUNTIFS('Données brutes'!B5:B96,$A20,'Données brutes'!D5:D96,$B20)*100,0) -> 12.5 | E20: =IFERROR(AVERAGEIFS('Données brutes'!G5:G96,'Données brutes'!B5:B96,$A20,'Données brutes'!D5:D96,$B20),0) -> 35.25 | F20: =IFERROR(COUNTIFS('Données brutes'!B5:B96,$A20,'Données brutes'!D5:D96,$B20,'Données brutes'!I5:I96,"Conforme")/COUNTIFS('Données brutes'!B5:B96,$A20,'Données brutes'!D5:D96,$B20)*100,0) -> 87.5
A21: Nutrition | B21: 2026-06 | C21: =COUNTIFS('Données brutes'!B5:B96,$A21,'Données brutes'!D5:D96,$B21) -> 9 | D21: =IFERROR(COUNTIFS('Données brutes'!B5:B96,$A21,'Données brutes'!D5:D96,$B21,'Données brutes'!H5:H96,"Oui")/COUNTIFS('Données brutes'!B5:B96,$A21,'Données brutes'!D5:D96,$B21)*100,0) -> 0 | E21: =IFERROR(AVERAGEIFS('Données brutes'!G5:G96,'Données brutes'!B5:B96,$A21,'Données brutes'!D5:D96,$B21),0) -> 20.666667 | F21: =IFERROR(COUNTIFS('Données brutes'!B5:B96,$A21,'Données brutes'!D5:D96,$B21,'Données brutes'!I5:I96,"Conforme")/COUNTIFS('Données brutes'!B5:B96,$A21,'Données brutes'!D5:D96,$B21)*100,0) -> 100
A22: Nutrition | B22: 2026-07 | C22: =COUNTIFS('Données brutes'!B5:B96,$A22,'Données brutes'!D5:D96,$B22) -> 6 | D22: =IFERROR(COUNTIFS('Données brutes'!B5:B96,$A22,'Données brutes'!D5:D96,$B22,'Données brutes'!H5:H96,"Oui")/COUNTIFS('Données brutes'!B5:B96,$A22,'Données brutes'!D5:D96,$B22)*100,0) -> 0 | E22: =IFERROR(AVERAGEIFS('Données brutes'!G5:G96,'Données brutes'!B5:B96,$A22,'Données brutes'!D5:D96,$B22),0) -> 28.5 | F22: =IFERROR(COUNTIFS('Données brutes'!B5:B96,$A22,'Données brutes'!D5:D96,$B22,'Données brutes'!I5:I96,"Conforme")/COUNTIFS('Données brutes'!B5:B96,$A22,'Données brutes'!D5:D96,$B22)*100,0) -> 100
A23: Nutrition | B23: 2026-08 | C23: =COUNTIFS('Données brutes'!B5:B96,$A23,'Données brutes'!D5:D96,$B23) -> 7 | D23: =IFERROR(COUNTIFS('Données brutes'!B5:B96,$A23,'Données brutes'!D5:D96,$B23,'Données brutes'!H5:H96,"Oui")/COUNTIFS('Données brutes'!B5:B96,$A23,'Données brutes'!D5:D96,$B23)*100,0) -> 0 | E23: =IFERROR(AVERAGEIFS('Données brutes'!G5:G96,'Données brutes'!B5:B96,$A23,'Données brutes'!D5:D96,$B23),0) -> 36.428571 | F23: =IFERROR(COUNTIFS('Données brutes'!B5:B96,$A23,'Données brutes'!D5:D96,$B23,'Données brutes'!I5:I96,"Conforme")/COUNTIFS('Données brutes'!B5:B96,$A23,'Données brutes'!D5:D96,$B23)*100,0) -> 100
A25: 2. | B25: Lecture rapide
A27: Un taux de rupture ou un délai qui dérive sur une seule combinaison catégorie / période, alors que la moyenne globale ci-dessus reste stable, est le signal typique d'un problème localisé (un entrepôt, un fournisseur, une saison) masqué par une moyenne trop agrégée. Toujours croiser le chiffre global avec cette synthèse avant de conclure.
