Workbook

Sheet Réalisations
A1: BILAN DE COMPÉTENCES ET POSITIONNEMENT DE CARRIÈRE
A2: Module 01 — Audit de Carrière & Positionnement Stratégique · Formation & Accompagnement de Carrière · BK-BOOST Ltd.
A3: Onglet 1/3 — Réalisations : pour chaque poste occupé, listez 2 à 4 réalisations formulées selon action + contexte + résultat mesurable (ex. « supervision d'une équipe de 6 personnes sur un projet de distribution touchant 12 000 bénéficiaires, livré dans les délais »).
A5: Poste occupé | B5: Période | C5: Réalisation quantifiable (action + contexte + résultat mesurable) | D5: Chiffre / preuve associée | E5: Compétence managériale démontrée (oui/non + laquelle) | F5: À réutiliser dans le CV ?

Sheet Compétences
A1: INVENTAIRE DE COMPÉTENCES — CONFIANCE × PERTINENCE MARCHÉ
A2: Notez chaque compétence sur 2 axes (1 = faible, 5 = fort). Le score de positionnement de l'onglet Synthèse se calcule automatiquement à partir de ces notes.
A3: Distinguez vos compétences opérationnelles (déjà solides) de vos compétences managériales à mettre en avant. Une compétence où vous excellez mais que le marché cible n'exige pas ne doit pas figurer en tête de CV.
A5: Compétence (technique ou transférable) | B5: Type (Opérationnelle / Managériale / Transférable) | C5: Niveau de confiance réel (1-5) | D5: Pertinence pour le secteur/niveau visé (1-5) | E5: Score compétence (confiance × pertinence)
E6: =IF(AND(C6<>"",D6<>""),C6*D6,"")
E7: =IF(AND(C7<>"",D7<>""),C7*D7,"")
E8: =IF(AND(C8<>"",D8<>""),C8*D8,"")
E9: =IF(AND(C9<>"",D9<>""),C9*D9,"")
E10: =IF(AND(C10<>"",D10<>""),C10*D10,"")
E11: =IF(AND(C11<>"",D11<>""),C11*D11,"")
E12: =IF(AND(C12<>"",D12<>""),C12*D12,"")
E13: =IF(AND(C13<>"",D13<>""),C13*D13,"")
E14: =IF(AND(C14<>"",D14<>""),C14*D14,"")
E15: =IF(AND(C15<>"",D15<>""),C15*D15,"")
E16: =IF(AND(C16<>"",D16<>""),C16*D16,"")
E17: =IF(AND(C17<>"",D17<>""),C17*D17,"")
... E19: =IF(AND(C19<>"",D19<>""),C19*D19,"")
A21: Nombre de compétences renseignées | C21: =COUNT(C6:C19) -> 0
A22: Confiance moyenne (/5) | C22: =IFERROR(AVERAGE(C6:C19),0) -> 0
A23: Pertinence marché moyenne (/5) | C23: =IFERROR(AVERAGE(D6:D19),0) -> 0
A24: Part des compétences à forte pertinence (≥4/5) | C24: =IFERROR(COUNTIF(D6:D19,">=4")/COUNT(D6:D19),0) -> 0

Sheet Synthèse positionnement
A1: SYNTHÈSE DU POSITIONNEMENT
A2: Calculée automatiquement à partir des onglets Réalisations et Compétences — ne pas modifier les formules.
A4: Cible déclarée
A5: Intitulé de poste visé
A6: Niveau de séniorité visé (junior / confirmé / senior / managérial)
A7: Secteur visé (ONG / privé / onusien / institutionnel)
A9: Indicateurs calculés
A10: Nombre de réalisations quantifiables saisies | C10: =COUNTIF(Réalisations!C6:C21,"?*") -> 0
A11: Nombre de compétences managériales identifiées | C11: =COUNTIF(Compétences!B6:B19,"Managériale") -> 0
A12: Confiance moyenne (/5) | C12: =IFERROR(ROUND(Compétences!C22,1),0) -> 0
A13: Pertinence marché moyenne (/5) | C13: =IFERROR(ROUND(Compétences!C23,1),0) -> 0
A14: Part des compétences à forte pertinence marché (≥4/5) | C14: =Compétences!C24 -> 0
A16: SCORE DE POSITIONNEMENT (/100) | C16: =ROUND((Compétences!C22/5*40)+(Compétences!C23/5*40)+(MIN(COUNTIF(Réalisations!C6:C21,"?*"),8)/8*20),0) -> 0
A17: Lecture du score | C17: =IF(C16="","",IF(C16>=75,"Profil déjà aligné avec la cible déclarée — vous pouvez candidater.",IF(C16>=50,"Profil partiellement aligné — un écart subsiste, à traiter dans la feuille de route.","Écart important avec la cible — revoir le positionnement ou renforcer le profil avant de candidater."))) -> Écart important avec la cible — revoir le positionnement ou renforcer le profil avant de candidater.
A19: Ce score est un signal de positionnement, pas un verdict définitif : il croise votre auto-évaluation (confiance) avec la pertinence marché déclarée et le volume de preuves quantifiables réunies. Un score faible signale surtout qu'il reste du travail de formalisation, pas nécessairement un manque d'expérience réelle.
