Workbook

Sheet Checklist Conformite
A1: CHECKLIST DE CONFORMITE AU CODE DU TRAVAIL RDC
A2: Formation en Gestion des Ressources Humaines d'une ONG Humanitaire · Module 06 · BK-BOOST Ltd.
A3: A completer et mettre a jour chaque mois, employe par employe. Ne modifiez jamais les colonnes de calcul automatique (fond gris clair).
A4: Nom de l'employe | B4: Fonction | C4: Base / Zone | D4: Conges legaux dus (jours, periode) | E4: Conges legaux pris (jours) | F4: Solde de conges | G4: Statut conges | H4: Heures sup. effectuees (periode) | I4: Heures sup. compensees (payees/recuperees) | J4: Statut heures sup. | K4: Derniere cotisation sociale versee (date) | L4: Cotisation sociale a jour (< 35 jours) ? | M4: Statut cotisations | N4: STATUT GLOBAL EMPLOYE | O4: Commentaire / action corrective
A5: Kambale Mwenge, J. | B5: Infirmier(e) | C5: Goma, Nord-Kivu | D5: 12 | E5: 10 | F5: =IF(OR(D5="",E5=""),"",D5-E5) -> 2 | G5: =IF(OR(D5="",E5=""),"",IF(F5<0,"A corriger","Conforme")) -> Conforme | H5: 0 | I5: 0 | J5: =IF(H5="","",IF(H5=0,"Conforme",IF(I5>=H5,"Conforme","A corriger"))) -> Conforme | K5: 2026-08-25 | L5: =IF(K5="","",IF((TODAY()-DATEVALUE(K5))<=35,"Oui","Non")) -> Oui | M5: =IF(L5="","",IF(L5="Oui","Conforme","A corriger")) -> Conforme | N5: =IF(OR(G5="",J5="",M5=""),"Incomplet",IF(AND(G5="Conforme",J5="Conforme",M5="Conforme"),"CONFORME","A CORRIGER")) -> CONFORME
A6: Furaha Balegamire, C. | B6: Superviseur logistique | C6: Beni, Nord-Kivu | D6: 12 | E6: 4 | F6: =IF(OR(D6="",E6=""),"",D6-E6) -> 8 | G6: =IF(OR(D6="",E6=""),"",IF(F6<0,"A corriger","Conforme")) -> Conforme | H6: 18 | I6: 10 | J6: =IF(H6="","",IF(H6=0,"Conforme",IF(I6>=H6,"Conforme","A corriger"))) -> A corriger | K6: 2026-08-25 | L6: =IF(K6="","",IF((TODAY()-DATEVALUE(K6))<=35,"Oui","Non")) -> Oui | M6: =IF(L6="","",IF(L6="Oui","Conforme","A corriger")) -> Conforme | N6: =IF(OR(G6="",J6="",M6=""),"Incomplet",IF(AND(G6="Conforme",J6="Conforme",M6="Conforme"),"CONFORME","A CORRIGER")) -> A CORRIGER
A7: Mapenzi Kavira, S. | B7: Agent de sante communautaire | C7: Bunia, Ituri | D7: 12 | E7: 12 | F7: =IF(OR(D7="",E7=""),"",D7-E7) -> 0 | G7: =IF(OR(D7="",E7=""),"",IF(F7<0,"A corriger","Conforme")) -> Conforme | H7: 0 | I7: 0 | J7: =IF(H7="","",IF(H7=0,"Conforme",IF(I7>=H7,"Conforme","A corriger"))) -> Conforme | K7: 2026-08-25 | L7: =IF(K7="","",IF((TODAY()-DATEVALUE(K7))<=35,"Oui","Non")) -> Oui | M7: =IF(L7="","",IF(L7="Oui","Conforme","A corriger")) -> Conforme | N7: =IF(OR(G7="",J7="",M7=""),"Incomplet",IF(AND(G7="Conforme",J7="Conforme",M7="Conforme"),"CONFORME","A CORRIGER")) -> CONFORME
A8: Tshisekedi Ilunga, P. | B8: Chauffeur | C8: Goma, Nord-Kivu | D8: 12 | E8: 2 | F8: =IF(OR(D8="",E8=""),"",D8-E8) -> 10 | G8: =IF(OR(D8="",E8=""),"",IF(F8<0,"A corriger","Conforme")) -> Conforme | H8: 0 | I8: 0 | J8: =IF(H8="","",IF(H8=0,"Conforme",IF(I8>=H8,"Conforme","A corriger"))) -> Conforme | K8: 2026-08-25 | L8: =IF(K8="","",IF((TODAY()-DATEVALUE(K8))<=35,"Oui","Non")) -> Oui | M8: =IF(L8="","",IF(L8="Oui","Conforme","A corriger")) -> Conforme | N8: =IF(OR(G8="",J8="",M8=""),"Incomplet",IF(AND(G8="Conforme",J8="Conforme",M8="Conforme"),"CONFORME","A CORRIGER")) -> CONFORME
A9: Nzuzi Mavambu, A. | B9: Gardien | C9: Beni, Nord-Kivu | D9: 12 | E9: 6 | F9: =IF(OR(D9="",E9=""),"",D9-E9) -> 6 | G9: =IF(OR(D9="",E9=""),"",IF(F9<0,"A corriger","Conforme")) -> Conforme | H9: 0 | I9: 0 | J9: =IF(H9="","",IF(H9=0,"Conforme",IF(I9>=H9,"Conforme","A corriger"))) -> Conforme | K9: 2026-05-12 | L9: =IF(K9="","",IF((TODAY()-DATEVALUE(K9))<=35,"Oui","Non")) -> Non | M9: =IF(L9="","",IF(L9="Oui","Conforme","A corriger")) -> A corriger | N9: =IF(OR(G9="",J9="",M9=""),"Incomplet",IF(AND(G9="Conforme",J9="Conforme",M9="Conforme"),"CONFORME","A CORRIGER")) -> A CORRIGER
A10: Kalonji Mbuyi, D. | B10: Assistant administratif | C10: Bunia, Ituri | D10: 12 | E10: 12 | F10: =IF(OR(D10="",E10=""),"",D10-E10) -> 0 | G10: =IF(OR(D10="",E10=""),"",IF(F10<0,"A corriger","Conforme")) -> Conforme | H10: 0 | I10: 0 | J10: =IF(H10="","",IF(H10=0,"Conforme",IF(I10>=H10,"Conforme","A corriger"))) -> Conforme | K10: 2026-08-25 | L10: =IF(K10="","",IF((TODAY()-DATEVALUE(K10))<=35,"Oui","Non")) -> Oui | M10: =IF(L10="","",IF(L10="Oui","Conforme","A corriger")) -> Conforme | N10: =IF(OR(G10="",J10="",M10=""),"Incomplet",IF(AND(G10="Conforme",J10="Conforme",M10="Conforme"),"CONFORME","A CORRIGER")) -> CONFORME
A11: Kahindo Muhindo, E. | B11: Infirmier(e) | C11: Goma, Nord-Kivu | D11: 12 | E11: 8 | F11: =IF(OR(D11="",E11=""),"",D11-E11) -> 4 | G11: =IF(OR(D11="",E11=""),"",IF(F11<0,"A corriger","Conforme")) -> Conforme | H11: 22 | I11: 0 | J11: =IF(H11="","",IF(H11=0,"Conforme",IF(I11>=H11,"Conforme","A corriger"))) -> A corriger | K11: 2026-08-25 | L11: =IF(K11="","",IF((TODAY()-DATEVALUE(K11))<=35,"Oui","Non")) -> Oui | M11: =IF(L11="","",IF(L11="Oui","Conforme","A corriger")) -> Conforme | N11: =IF(OR(G11="",J11="",M11=""),"Incomplet",IF(AND(G11="Conforme",J11="Conforme",M11="Conforme"),"CONFORME","A CORRIGER")) -> A CORRIGER
A12: Bahati Ntale, R. | B12: Technicien WASH | C12: Beni, Nord-Kivu | D12: 12 | E12: 3 | F12: =IF(OR(D12="",E12=""),"",D12-E12) -> 9 | G12: =IF(OR(D12="",E12=""),"",IF(F12<0,"A corriger","Conforme")) -> Conforme | H12: 0 | I12: 0 | J12: =IF(H12="","",IF(H12=0,"Conforme",IF(I12>=H12,"Conforme","A corriger"))) -> Conforme | K12: 2026-07-01 | L12: =IF(K12="","",IF((TODAY()-DATEVALUE(K12))<=35,"Oui","Non")) -> Non | M12: =IF(L12="","",IF(L12="Oui","Conforme","A corriger")) -> A corriger | N12: =IF(OR(G12="",J12="",M12=""),"Incomplet",IF(AND(G12="Conforme",J12="Conforme",M12="Conforme"),"CONFORME","A CORRIGER")) -> A CORRIGER
A13: Kasongo Wa Ilunga, M. | B13: Comptable base | C13: Bunia, Ituri | D13: 12 | E13: 5 | F13: =IF(OR(D13="",E13=""),"",D13-E13) -> 7 | G13: =IF(OR(D13="",E13=""),"",IF(F13<0,"A corriger","Conforme")) -> Conforme | H13: 4 | I13: 4 | J13: =IF(H13="","",IF(H13=0,"Conforme",IF(I13>=H13,"Conforme","A corriger"))) -> Conforme | K13: 2026-08-25 | L13: =IF(K13="","",IF((TODAY()-DATEVALUE(K13))<=35,"Oui","Non")) -> Oui | M13: =IF(L13="","",IF(L13="Oui","Conforme","A corriger")) -> Conforme | N13: =IF(OR(G13="",J13="",M13=""),"Incomplet",IF(AND(G13="Conforme",J13="Conforme",M13="Conforme"),"CONFORME","A CORRIGER")) -> CONFORME
F14: =IF(OR(D14="",E14=""),"",D14-E14) | G14: =IF(OR(D14="",E14=""),"",IF(F14<0,"A corriger","Conforme")) | J14: =IF(H14="","",IF(H14=0,"Conforme",IF(I14>=H14,"Conforme","A corriger"))) | L14: =IF(K14="","",IF((TODAY()-DATEVALUE(K14))<=35,"Oui","Non")) | M14: =IF(L14="","",IF(L14="Oui","Conforme","A corriger")) | N14: =IF(OR(G14="",J14="",M14=""),"Incomplet",IF(AND(G14="Conforme",J14="Conforme",M14="Conforme"),"CONFORME","A CORRIGER")) -> Incomplet
F15: =IF(OR(D15="",E15=""),"",D15-E15) | G15: =IF(OR(D15="",E15=""),"",IF(F15<0,"A corriger","Conforme")) | J15: =IF(H15="","",IF(H15=0,"Conforme",IF(I15>=H15,"Conforme","A corriger"))) | L15: =IF(K15="","",IF((TODAY()-DATEVALUE(K15))<=35,"Oui","Non")) | M15: =IF(L15="","",IF(L15="Oui","Conforme","A corriger")) | N15: =IF(OR(G15="",J15="",M15=""),"Incomplet",IF(AND(G15="Conforme",J15="Conforme",M15="Conforme"),"CONFORME","A CORRIGER")) -> Incomplet
F16: =IF(OR(D16="",E16=""),"",D16-E16) | G16: =IF(OR(D16="",E16=""),"",IF(F16<0,"A corriger","Conforme")) | J16: =IF(H16="","",IF(H16=0,"Conforme",IF(I16>=H16,"Conforme","A corriger"))) | L16: =IF(K16="","",IF((TODAY()-DATEVALUE(K16))<=35,"Oui","Non")) | M16: =IF(L16="","",IF(L16="Oui","Conforme","A corriger")) | N16: =IF(OR(G16="",J16="",M16=""),"Incomplet",IF(AND(G16="Conforme",J16="Conforme",M16="Conforme"),"CONFORME","A CORRIGER")) -> Incomplet
F17: =IF(OR(D17="",E17=""),"",D17-E17) | G17: =IF(OR(D17="",E17=""),"",IF(F17<0,"A corriger","Conforme")) | J17: =IF(H17="","",IF(H17=0,"Conforme",IF(I17>=H17,"Conforme","A corriger"))) | L17: =IF(K17="","",IF((TODAY()-DATEVALUE(K17))<=35,"Oui","Non")) | M17: =IF(L17="","",IF(L17="Oui","Conforme","A corriger")) | N17: =IF(OR(G17="",J17="",M17=""),"Incomplet",IF(AND(G17="Conforme",J17="Conforme",M17="Conforme"),"CONFORME","A CORRIGER")) -> Incomplet
F18: =IF(OR(D18="",E18=""),"",D18-E18) | G18: =IF(OR(D18="",E18=""),"",IF(F18<0,"A corriger","Conforme")) | J18: =IF(H18="","",IF(H18=0,"Conforme",IF(I18>=H18,"Conforme","A corriger"))) | L18: =IF(K18="","",IF((TODAY()-DATEVALUE(K18))<=35,"Oui","Non")) | M18: =IF(L18="","",IF(L18="Oui","Conforme","A corriger")) | N18: =IF(OR(G18="",J18="",M18=""),"Incomplet",IF(AND(G18="Conforme",J18="Conforme",M18="Conforme"),"CONFORME","A CORRIGER")) -> Incomplet
F19: =IF(OR(D19="",E19=""),"",D19-E19) | G19: =IF(OR(D19="",E19=""),"",IF(F19<0,"A corriger","Conforme")) | J19: =IF(H19="","",IF(H19=0,"Conforme",IF(I19>=H19,"Conforme","A corriger"))) | L19: =IF(K19="","",IF((TODAY()-DATEVALUE(K19))<=35,"Oui","Non")) | M19: =IF(L19="","",IF(L19="Oui","Conforme","A corriger")) | N19: =IF(OR(G19="",J19="",M19=""),"Incomplet",IF(AND(G19="Conforme",J19="Conforme",M19="Conforme"),"CONFORME","A CORRIGER")) -> Incomplet
A21: Legende : Statut = "Conforme" (fond vert) si le point est respecte pour la periode ; "A corriger" (fond rouge) si une action corrective est necessaire ; "Incomplet" si des donnees manquent.

Sheet Tableau de bord equipe
A1: TABLEAU DE BORD DE CONFORMITE - EQUIPE
A2: Calcule automatiquement a partir de l'onglet Checklist Conformite — ne pas modifier les formules.
A4: Indicateur | B4: Valeur
A5: Nombre total d'employes suivis | B5: =COUNTIF('Checklist Conformite'!$A$5:$A$19,"?*") -> 9
A6: Employes CONFORME (les 3 points) | B6: =COUNTIF('Checklist Conformite'!$N$5:$N$19,"CONFORME") -> 5
A7: Employes A CORRIGER | B7: =COUNTIF('Checklist Conformite'!$N$5:$N$19,"A CORRIGER") -> 4
A8: Dossiers incomplets | B8: =COUNTIF('Checklist Conformite'!$N$5:$N$19,"Incomplet") -> 6
A9: Taux de conformite global | B9: =IFERROR(B6/B5,"") -> 0.55555556
A12: Repartition par point de conformite (nombre d'employes 'A corriger')
A13: Point de conformite | B13: Nb. employes 'A corriger'
A14: Conges legaux | B14: =COUNTIF('Checklist Conformite'!$G$5:$G$19,"A corriger") -> 0
A15: Heures supplementaires | B15: =COUNTIF('Checklist Conformite'!$J$5:$J$19,"A corriger") -> 2
A16: Cotisations sociales | B16: =COUNTIF('Checklist Conformite'!$M$5:$M$19,"A corriger") -> 2
