Workbook

Sheet Benchmarking
A1: BENCHMARKING SALARIAL DE REFERENCE
A2: Module 04 — Politique de Remuneration & Avantages Sociaux — BK-BOOST Ltd.
A4: Poste-repere | B4: Bareme ONU/ICSC equivalent (USD/mois) | C4: Enquete inter-ONG — min (USD/mois) | D4: Enquete inter-ONG — max (USD/mois) | E4: Salaire minimum legal local (USD/mois) | F4: Percentile de positionnement retenu | G4: Date de la donnee | H4: Source / commentaire
A5: Chauffeur / Logisticien base | B5: 450 | C5: 220 | D5: 320 | E5: 120 | F5: 60e percentile ONG | G5: 2026-01-10 | H5: Enquete inter-ONG N'Djamena, Tchad
A6: Assistant Administratif RH | B6: 620 | C6: 280 | D6: 420 | E6: 150 | F6: 55e percentile ONG | G6: 2026-01-10 | H6: Enquete inter-ONG N'Djamena, Tchad
A7: Charge de Programme | B7: 1450 | C7: 650 | D7: 950 | E7: 220 | F7: 60e percentile ONG | G7: 2026-01-12 | H7: Bareme ICSC NO-A / enquete inter-ONG
A8: HR Officer | B8: 1600 | C8: 700 | D8: 1050 | E8: 220 | F8: 60e percentile ONG | G8: 2026-01-12 | H8: Bareme ICSC NO-A / enquete inter-ONG
A9: Coordinateur Terrain | B9: 2600 | C9: 1300 | D9: 1900 | E9: 300 | F9: 65e percentile ONG | G9: 2026-01-15 | H9: Bareme ICSC NO-B / enquete inter-ONG
A10: HR Manager Pays | B10: 3100 | C10: 1500 | D10: 2200 | E10: 300 | F10: 65e percentile ONG | G10: 2026-01-15 | H10: Bareme ICSC NO-B / enquete inter-ONG
A12: Regle de positionnement de l'organisation : jamais en dessous du salaire minimum legal local, jamais au-dessus de 65% du bareme ONU/ICSC equivalent, cible generale = percentile indique par poste ci-dessus.

Sheet Grille salariale
A1: GRILLE SALARIALE PAR COEFFICIENT DE POSTE
A2: Salaire propose = Salaire de base organisation x Coefficient de poste x Facteur d'experience — ne pas modifier les colonnes de formule.
A3: Salaire de base organisation (USD) : | B3: 300
A4: Nom (ou N/A si poste-type) | B4: Poste | C4: Famille de poste | D4: Coefficient de poste | E4: Facteur d'experience | F4: Salaire de base organisation (USD) | G4: Salaire propose par la grille (USD) | H4: Salaire reel actuel (USD) | I4: Ecart grille vs reel (USD)
A5: Poste-type | B5: Chauffeur / Logisticien base | C5: Support | D5: 1.5 | E5: 1 | F5: =B3 -> 300 | G5: =F5*D5*E5 -> 450 | I5: =IF(H5="","",H5-G5)
A6: Poste-type | B6: Assistant Administratif RH | C6: Support | D6: 2 | E6: 1 | F6: =B3 -> 300 | G6: =F6*D6*E6 -> 600 | I6: =IF(H6="","",H6-G6)
A7: Mamadou K. | B7: Charge de Programme | C7: Programme | D7: 4.5 | E7: 1.1 | F7: =B3 -> 300 | G7: =F7*D7*E7 -> 1485 | H7: 950 | I7: =IF(H7="","",H7-G7) -> -535
A8: Fatime A. | B8: Charge de Programme | C8: Programme | D8: 4.5 | E8: 1 | F8: =B3 -> 300 | G8: =F8*D8*E8 -> 1350 | H8: 620 | I8: =IF(H8="","",H8-G8) -> -730
A9: Poste-type | B9: HR Officer | C9: Support | D9: 5 | E9: 1 | F9: =B3 -> 300 | G9: =F9*D9*E9 -> 1500 | I9: =IF(H9="","",H9-G9)
A10: Poste-type | B10: Coordinateur Terrain | C10: Coordination | D10: 8 | E10: 1.2 | F10: =B3 -> 300 | G10: =F10*D10*E10 -> 2880 | I10: =IF(H10="","",H10-G10)
A11: Poste-type | B11: HR Manager Pays | C11: Coordination | D11: 9.5 | E11: 1.2 | F11: =B3 -> 300 | G11: =F11*D11*E11 -> 3420 | I11: =IF(H11="","",H11-G11)
A13: Les lignes surlignees indiquent un ecart superieur a 15% entre le salaire reel actuel et le salaire calcule par la grille : a documenter ou corriger avant validation.

Sheet Equite interne
A1: VERIFICATION D'EQUITE INTERNE
A2: Calculee automatiquement a partir de l'onglet Grille salariale — ne pas modifier les formules.
A4: Poste | B4: Coefficient de poste | C4: Nombre d'employes sur ce poste | D4: Salaire reel min (USD) | E4: Salaire reel max (USD) | F4: Ecart max/min (%)
A5: Chauffeur / Logisticien base | B5: =IFERROR(VLOOKUP(A5,'Grille salariale'!$B$5:$D$11,3,FALSE()),"") -> 1.5 | C5: =COUNTIF('Grille salariale'!$B$5:$B$11,A5) -> 1 | D5: =IF(SUMPRODUCT(('Grille salariale'!$B$5:$B$11=A5)*ISNUMBER('Grille salariale'!$H$5:$H$11))=0,"",_xlfn.MINIFS('Grille salariale'!$H$5:$H$11,'Grille salariale'!$B$5:$B$11,A5)) | E5: =IF(SUMPRODUCT(('Grille salariale'!$B$5:$B$11=A5)*ISNUMBER('Grille salariale'!$H$5:$H$11))=0,"",_xlfn.MAXIFS('Grille salariale'!$H$5:$H$11,'Grille salariale'!$B$5:$B$11,A5)) | F5: =IF(OR(D5="",D5=0),"",(E5-D5)/D5)
A6: Assistant Administratif RH | B6: =IFERROR(VLOOKUP(A6,'Grille salariale'!$B$5:$D$11,3,FALSE()),"") -> 2 | C6: =COUNTIF('Grille salariale'!$B$5:$B$11,A6) -> 1 | D6: =IF(SUMPRODUCT(('Grille salariale'!$B$5:$B$11=A6)*ISNUMBER('Grille salariale'!$H$5:$H$11))=0,"",_xlfn.MINIFS('Grille salariale'!$H$5:$H$11,'Grille salariale'!$B$5:$B$11,A6)) | E6: =IF(SUMPRODUCT(('Grille salariale'!$B$5:$B$11=A6)*ISNUMBER('Grille salariale'!$H$5:$H$11))=0,"",_xlfn.MAXIFS('Grille salariale'!$H$5:$H$11,'Grille salariale'!$B$5:$B$11,A6)) | F6: =IF(OR(D6="",D6=0),"",(E6-D6)/D6)
A7: Charge de Programme | B7: =IFERROR(VLOOKUP(A7,'Grille salariale'!$B$5:$D$11,3,FALSE()),"") -> 4.5 | C7: =COUNTIF('Grille salariale'!$B$5:$B$11,A7) -> 2 | D7: =IF(SUMPRODUCT(('Grille salariale'!$B$5:$B$11=A7)*ISNUMBER('Grille salariale'!$H$5:$H$11))=0,"",_xlfn.MINIFS('Grille salariale'!$H$5:$H$11,'Grille salariale'!$B$5:$B$11,A7)) -> 620 | E7: =IF(SUMPRODUCT(('Grille salariale'!$B$5:$B$11=A7)*ISNUMBER('Grille salariale'!$H$5:$H$11))=0,"",_xlfn.MAXIFS('Grille salariale'!$H$5:$H$11,'Grille salariale'!$B$5:$B$11,A7)) -> 950 | F7: =IF(OR(D7="",D7=0),"",(E7-D7)/D7) -> 0.53225806
A8: HR Officer | B8: =IFERROR(VLOOKUP(A8,'Grille salariale'!$B$5:$D$11,3,FALSE()),"") -> 5 | C8: =COUNTIF('Grille salariale'!$B$5:$B$11,A8) -> 1 | D8: =IF(SUMPRODUCT(('Grille salariale'!$B$5:$B$11=A8)*ISNUMBER('Grille salariale'!$H$5:$H$11))=0,"",_xlfn.MINIFS('Grille salariale'!$H$5:$H$11,'Grille salariale'!$B$5:$B$11,A8)) | E8: =IF(SUMPRODUCT(('Grille salariale'!$B$5:$B$11=A8)*ISNUMBER('Grille salariale'!$H$5:$H$11))=0,"",_xlfn.MAXIFS('Grille salariale'!$H$5:$H$11,'Grille salariale'!$B$5:$B$11,A8)) | F8: =IF(OR(D8="",D8=0),"",(E8-D8)/D8)
A9: Coordinateur Terrain | B9: =IFERROR(VLOOKUP(A9,'Grille salariale'!$B$5:$D$11,3,FALSE()),"") -> 8 | C9: =COUNTIF('Grille salariale'!$B$5:$B$11,A9) -> 1 | D9: =IF(SUMPRODUCT(('Grille salariale'!$B$5:$B$11=A9)*ISNUMBER('Grille salariale'!$H$5:$H$11))=0,"",_xlfn.MINIFS('Grille salariale'!$H$5:$H$11,'Grille salariale'!$B$5:$B$11,A9)) | E9: =IF(SUMPRODUCT(('Grille salariale'!$B$5:$B$11=A9)*ISNUMBER('Grille salariale'!$H$5:$H$11))=0,"",_xlfn.MAXIFS('Grille salariale'!$H$5:$H$11,'Grille salariale'!$B$5:$B$11,A9)) | F9: =IF(OR(D9="",D9=0),"",(E9-D9)/D9)
A10: HR Manager Pays | B10: =IFERROR(VLOOKUP(A10,'Grille salariale'!$B$5:$D$11,3,FALSE()),"") -> 9.5 | C10: =COUNTIF('Grille salariale'!$B$5:$B$11,A10) -> 1 | D10: =IF(SUMPRODUCT(('Grille salariale'!$B$5:$B$11=A10)*ISNUMBER('Grille salariale'!$H$5:$H$11))=0,"",_xlfn.MINIFS('Grille salariale'!$H$5:$H$11,'Grille salariale'!$B$5:$B$11,A10)) | E10: =IF(SUMPRODUCT(('Grille salariale'!$B$5:$B$11=A10)*ISNUMBER('Grille salariale'!$H$5:$H$11))=0,"",_xlfn.MAXIFS('Grille salariale'!$H$5:$H$11,'Grille salariale'!$B$5:$B$11,A10)) | F10: =IF(OR(D10="",D10=0),"",(E10-D10)/D10)
A12: Un ecart max/min superieur a 10% entre employes occupant un poste au meme coefficient est signale en rouge : verifier s'il est justifie (anciennete, experience documentee) ou s'il constitue une inegalite de traitement a corriger (voir Module 04 - Etude de cas).
