Workbook

Sheet Inventaire
A1: FICHE D'INVENTAIRE ENTREPÔT — LOGIQUE FIFO / FEFO
A2: Module 04 — Entrepôt & Gestion des Stocks — BK-BOOST Ltd. — Tri FEFO obligatoire pour tout article périssable (médical, alimentaire) : sortir en premier le lot dont la date de péremption est la plus proche, quelle que soit sa date d'entrée.
A4: Référence article | B4: Désignation | C4: Catégorie | D4: N° de lot | E4: Date de péremption | F4: Qté entrée | G4: Qté sortie | H4: Stock disponible | I4: Jours avant péremption | J4: Alerte FEFO
A5: MED-AMOX-250 | B5: Amoxicilline 250mg (boîte de 100) | C5: Médical | D5: L2026-014 | E5: 46310 | F5: 500 | G5: 120 | H5: =IF(AND(F5="",G5=""),"",F5-G5) -> 380 | I5: =IF(E5="","",E5-TODAY()) -> 45 | J5: =IF(E5="","N/A (non périssable)",IF(I5<0,"PÉRIMÉ - retirer",IF(I5<=30,"URGENT - sortir en priorité (FEFO)",IF(I5<=90,"Surveiller","OK")))) -> Surveiller
A6: MED-AMOX-250 | B6: Amoxicilline 250mg (boîte de 100) | C6: Médical | D6: L2026-031 | E6: 46438 | F6: 800 | G6: 0 | H6: =IF(AND(F6="",G6=""),"",F6-G6) -> 800 | I6: =IF(E6="","",E6-TODAY()) -> 173 | J6: =IF(E6="","N/A (non périssable)",IF(I6<0,"PÉRIMÉ - retirer",IF(I6<=30,"URGENT - sortir en priorité (FEFO)",IF(I6<=90,"Surveiller","OK")))) -> OK
A7: ALI-CSB-25KG | B7: CSB+ (farine enrichie, sac 25kg) | C7: Alimentaire | D7: L2026-088 | E7: 46295 | F7: 300 | G7: 260 | H7: =IF(AND(F7="",G7=""),"",F7-G7) -> 40 | I7: =IF(E7="","",E7-TODAY()) -> 30 | J7: =IF(E7="","N/A (non périssable)",IF(I7<0,"PÉRIMÉ - retirer",IF(I7<=30,"URGENT - sortir en priorité (FEFO)",IF(I7<=90,"Surveiller","OK")))) -> URGENT - sortir en priorité (FEFO)
A8: ALI-HUILE-5L | B8: Huile végétale fortifiée (bidon 5L) | C8: Alimentaire | D8: L2026-102 | E8: 46397 | F8: 400 | G8: 150 | H8: =IF(AND(F8="",G8=""),"",F8-G8) -> 250 | I8: =IF(E8="","",E8-TODAY()) -> 132 | J8: =IF(E8="","N/A (non périssable)",IF(I8<0,"PÉRIMÉ - retirer",IF(I8<=30,"URGENT - sortir en priorité (FEFO)",IF(I8<=90,"Surveiller","OK")))) -> OK
A9: NFI-BACHE-STD | B9: Bâche plastique standard 4x5m | C9: NFI (non périssable) | D9: L2026-055 | F9: 600 | G9: 220 | H9: =IF(AND(F9="",G9=""),"",F9-G9) -> 380 | I9: =IF(E9="","",E9-TODAY()) | J9: =IF(E9="","N/A (non périssable)",IF(I9<0,"PÉRIMÉ - retirer",IF(I9<=30,"URGENT - sortir en priorité (FEFO)",IF(I9<=90,"Surveiller","OK")))) -> N/A (non périssable)
H10: =IF(AND(F10="",G10=""),"",F10-G10) | I10: =IF(E10="","",E10-TODAY()) | J10: =IF(E10="","N/A (non périssable)",IF(I10<0,"PÉRIMÉ - retirer",IF(I10<=30,"URGENT - sortir en priorité (FEFO)",IF(I10<=90,"Surveiller","OK")))) -> N/A (non périssable)
H11: =IF(AND(F11="",G11=""),"",F11-G11) | I11: =IF(E11="","",E11-TODAY()) | J11: =IF(E11="","N/A (non périssable)",IF(I11<0,"PÉRIMÉ - retirer",IF(I11<=30,"URGENT - sortir en priorité (FEFO)",IF(I11<=90,"Surveiller","OK")))) -> N/A (non périssable)
H12: =IF(AND(F12="",G12=""),"",F12-G12) | I12: =IF(E12="","",E12-TODAY()) | J12: =IF(E12="","N/A (non périssable)",IF(I12<0,"PÉRIMÉ - retirer",IF(I12<=30,"URGENT - sortir en priorité (FEFO)",IF(I12<=90,"Surveiller","OK")))) -> N/A (non périssable)
H13: =IF(AND(F13="",G13=""),"",F13-G13) | I13: =IF(E13="","",E13-TODAY()) | J13: =IF(E13="","N/A (non périssable)",IF(I13<0,"PÉRIMÉ - retirer",IF(I13<=30,"URGENT - sortir en priorité (FEFO)",IF(I13<=90,"Surveiller","OK")))) -> N/A (non périssable)
H14: =IF(AND(F14="",G14=""),"",F14-G14) | I14: =IF(E14="","",E14-TODAY()) | J14: =IF(E14="","N/A (non périssable)",IF(I14<0,"PÉRIMÉ - retirer",IF(I14<=30,"URGENT - sortir en priorité (FEFO)",IF(I14<=90,"Surveiller","OK")))) -> N/A (non périssable)
H15: =IF(AND(F15="",G15=""),"",F15-G15) | I15: =IF(E15="","",E15-TODAY()) | J15: =IF(E15="","N/A (non périssable)",IF(I15<0,"PÉRIMÉ - retirer",IF(I15<=30,"URGENT - sortir en priorité (FEFO)",IF(I15<=90,"Surveiller","OK")))) -> N/A (non périssable)
H16: =IF(AND(F16="",G16=""),"",F16-G16) | I16: =IF(E16="","",E16-TODAY()) | J16: =IF(E16="","N/A (non périssable)",IF(I16<0,"PÉRIMÉ - retirer",IF(I16<=30,"URGENT - sortir en priorité (FEFO)",IF(I16<=90,"Surveiller","OK")))) -> N/A (non périssable)
H17: =IF(AND(F17="",G17=""),"",F17-G17) | I17: =IF(E17="","",E17-TODAY()) | J17: =IF(E17="","N/A (non périssable)",IF(I17<0,"PÉRIMÉ - retirer",IF(I17<=30,"URGENT - sortir en priorité (FEFO)",IF(I17<=90,"Surveiller","OK")))) -> N/A (non périssable)
H18: =IF(AND(F18="",G18=""),"",F18-G18) | I18: =IF(E18="","",E18-TODAY()) | J18: =IF(E18="","N/A (non périssable)",IF(I18<0,"PÉRIMÉ - retirer",IF(I18<=30,"URGENT - sortir en priorité (FEFO)",IF(I18<=90,"Surveiller","OK")))) -> N/A (non périssable)
H19: =IF(AND(F19="",G19=""),"",F19-G19) | I19: =IF(E19="","",E19-TODAY()) | J19: =IF(E19="","N/A (non périssable)",IF(I19<0,"PÉRIMÉ - retirer",IF(I19<=30,"URGENT - sortir en priorité (FEFO)",IF(I19<=90,"Surveiller","OK")))) -> N/A (non périssable)
H20: =IF(AND(F20="",G20=""),"",F20-G20) | I20: =IF(E20="","",E20-TODAY()) | J20: =IF(E20="","N/A (non périssable)",IF(I20<0,"PÉRIMÉ - retirer",IF(I20<=30,"URGENT - sortir en priorité (FEFO)",IF(I20<=90,"Surveiller","OK")))) -> N/A (non périssable)
H21: =IF(AND(F21="",G21=""),"",F21-G21) | I21: =IF(E21="","",E21-TODAY()) | J21: =IF(E21="","N/A (non périssable)",IF(I21<0,"PÉRIMÉ - retirer",IF(I21<=30,"URGENT - sortir en priorité (FEFO)",IF(I21<=90,"Surveiller","OK")))) -> N/A (non périssable)
... H24: =IF(AND(F24="",G24=""),"",F24-G24) | I24: =IF(E24="","",E24-TODAY()) | J24: =IF(E24="","N/A (non périssable)",IF(I24<0,"PÉRIMÉ - retirer",IF(I24<=30,"URGENT - sortir en priorité (FEFO)",IF(I24<=90,"Surveiller","OK")))) -> N/A (non périssable)
A26: Légende Alerte FEFO : PÉRIMÉ = à retirer immédiatement du stock actif · URGENT = péremption ≤ 30 jours, à sortir en priorité · Surveiller = péremption ≤ 90 jours · OK = pas d'action requise · N/A = article non périssable (logique FIFO simple).

Sheet Synthèse par catégorie
A1: SYNTHÈSE DES STOCKS PAR CATÉGORIE
A2: Calculée automatiquement à partir de l'onglet Inventaire — ne pas modifier les formules.
A4: Catégorie | B4: Stock disponible total | C4: Articles en alerte (URGENT) | D4: Articles PÉRIMÉS
A5: Médical | B5: =SUMIFS(Inventaire!$H$5:$H$24,Inventaire!$C$5:$C$24,A5) -> 1180 | C5: =COUNTIFS(Inventaire!$C$5:$C$24,A5,Inventaire!$J$5:$J$24,"URGENT - sortir en priorité (FEFO)") -> 0 | D5: =COUNTIFS(Inventaire!$C$5:$C$24,A5,Inventaire!$J$5:$J$24,"PÉRIMÉ - retirer") -> 0
A6: Alimentaire | B6: =SUMIFS(Inventaire!$H$5:$H$24,Inventaire!$C$5:$C$24,A6) -> 290 | C6: =COUNTIFS(Inventaire!$C$5:$C$24,A6,Inventaire!$J$5:$J$24,"URGENT - sortir en priorité (FEFO)") -> 1 | D6: =COUNTIFS(Inventaire!$C$5:$C$24,A6,Inventaire!$J$5:$J$24,"PÉRIMÉ - retirer") -> 0
A7: NFI (non périssable) | B7: =SUMIFS(Inventaire!$H$5:$H$24,Inventaire!$C$5:$C$24,A7) -> 380 | C7: =COUNTIFS(Inventaire!$C$5:$C$24,A7,Inventaire!$J$5:$J$24,"URGENT - sortir en priorité (FEFO)") -> 0 | D7: =COUNTIFS(Inventaire!$C$5:$C$24,A7,Inventaire!$J$5:$J$24,"PÉRIMÉ - retirer") -> 0
A8: TOTAL | B8: =SUM(B5:B7) -> 1850 | C8: =SUM(C5:C7) -> 1 | D8: =SUM(D5:D7) -> 0
