Workbook

Sheet Reception-CQ
A1: BON DE RÉCEPTION & CONTRÔLE QUALITÉ (GRN)
A2: Module 05 — Gestion des Stocks & Entrepôts — BK-BOOST Ltd. — Ne signez aucun bon de livraison transporteur avant d'avoir complété ce document. Seuil de tolérance d'écart : 2 % de la quantité attendue (au-delà, la ligne est signalée « ÉCART SIGNIFICATIF »).
A3: GRN N° : ________________ | D3: GRN Date : ________________ | G3: Point de stockage : ________________ | J3: Reçu de (fournisseur/expéditeur) : ________________
A4: Fournisseur : ________________ | D4: N° de facture : ________________ | G4: Date de facture : ________________ | J4: Réf. PO/PL/FO : ________________
A5: N° | B5: Code article | C5: Description article | D5: Réf. PO | E5: N° de lot | F5: Qté attendue (PO) | G5: Qté reçue | H5: Unité | I5: Écart | J5: Statut | K5: Remarque (contrôle qualité, écart, état) | L5: Décision
A6: 1 | I6: =IF(OR(F6="",G6=""),"",G6-F6) | J6: =IF(OR(F6="",G6=""),"",IF(F6=0,"",IF(ABS(I6)/F6>0.02,"ÉCART SIGNIFICATIF",IF(I6=0,"CONFORME","À VÉRIFIER"))))
A7: 2 | I7: =IF(OR(F7="",G7=""),"",G7-F7) | J7: =IF(OR(F7="",G7=""),"",IF(F7=0,"",IF(ABS(I7)/F7>0.02,"ÉCART SIGNIFICATIF",IF(I7=0,"CONFORME","À VÉRIFIER"))))
A8: 3 | I8: =IF(OR(F8="",G8=""),"",G8-F8) | J8: =IF(OR(F8="",G8=""),"",IF(F8=0,"",IF(ABS(I8)/F8>0.02,"ÉCART SIGNIFICATIF",IF(I8=0,"CONFORME","À VÉRIFIER"))))
A9: 4 | I9: =IF(OR(F9="",G9=""),"",G9-F9) | J9: =IF(OR(F9="",G9=""),"",IF(F9=0,"",IF(ABS(I9)/F9>0.02,"ÉCART SIGNIFICATIF",IF(I9=0,"CONFORME","À VÉRIFIER"))))
A10: 5 | I10: =IF(OR(F10="",G10=""),"",G10-F10) | J10: =IF(OR(F10="",G10=""),"",IF(F10=0,"",IF(ABS(I10)/F10>0.02,"ÉCART SIGNIFICATIF",IF(I10=0,"CONFORME","À VÉRIFIER"))))
A11: 6 | I11: =IF(OR(F11="",G11=""),"",G11-F11) | J11: =IF(OR(F11="",G11=""),"",IF(F11=0,"",IF(ABS(I11)/F11>0.02,"ÉCART SIGNIFICATIF",IF(I11=0,"CONFORME","À VÉRIFIER"))))
A12: 7 | I12: =IF(OR(F12="",G12=""),"",G12-F12) | J12: =IF(OR(F12="",G12=""),"",IF(F12=0,"",IF(ABS(I12)/F12>0.02,"ÉCART SIGNIFICATIF",IF(I12=0,"CONFORME","À VÉRIFIER"))))
A13: 8 | I13: =IF(OR(F13="",G13=""),"",G13-F13) | J13: =IF(OR(F13="",G13=""),"",IF(F13=0,"",IF(ABS(I13)/F13>0.02,"ÉCART SIGNIFICATIF",IF(I13=0,"CONFORME","À VÉRIFIER"))))
A14: 9 | I14: =IF(OR(F14="",G14=""),"",G14-F14) | J14: =IF(OR(F14="",G14=""),"",IF(F14=0,"",IF(ABS(I14)/F14>0.02,"ÉCART SIGNIFICATIF",IF(I14=0,"CONFORME","À VÉRIFIER"))))
A15: 10 | I15: =IF(OR(F15="",G15=""),"",G15-F15) | J15: =IF(OR(F15="",G15=""),"",IF(F15=0,"",IF(ABS(I15)/F15>0.02,"ÉCART SIGNIFICATIF",IF(I15=0,"CONFORME","À VÉRIFIER"))))
A16: 11 | I16: =IF(OR(F16="",G16=""),"",G16-F16) | J16: =IF(OR(F16="",G16=""),"",IF(F16=0,"",IF(ABS(I16)/F16>0.02,"ÉCART SIGNIFICATIF",IF(I16=0,"CONFORME","À VÉRIFIER"))))
A17: 12 | I17: =IF(OR(F17="",G17=""),"",G17-F17) | J17: =IF(OR(F17="",G17=""),"",IF(F17=0,"",IF(ABS(I17)/F17>0.02,"ÉCART SIGNIFICATIF",IF(I17=0,"CONFORME","À VÉRIFIER"))))
... A25: 20 | I25: =IF(OR(F25="",G25=""),"",G25-F25) | J25: =IF(OR(F25="",G25=""),"",IF(F25=0,"",IF(ABS(I25)/F25>0.02,"ÉCART SIGNIFICATIF",IF(I25=0,"CONFORME","À VÉRIFIER"))))
A26: Décision : Accepté intégralement / Accepté partiellement (préciser quantité et motif) / Rejeté totalement. Toute décision de rejet doit être communiquée par écrit au fournisseur — voir l'Étape 8 de ce module.
A28: VALIDATION
A29: Acheté / Livré par (Nom / Signature / Date) | G29: Vérifié / Reçu par (Nom / Signature / Date)
A30: Nom : ________________ | G30: Nom : ________________
A31: Signature : ________________ | G31: Signature : ________________
A32: Date : ________________ | G32: Date : ________________

Sheet Synthese-Ecarts
A1: SYNTHÈSE DES ÉCARTS DE RÉCEPTION
A2: Calculée automatiquement à partir de l'onglet Reception-CQ — ne pas modifier les formules.
A4: Indicateur | B4: Valeur
A5: Nombre de lignes contrôlées | B5: =COUNTA('Reception-CQ'!A6:A25) -> 20
A6: Lignes conformes | B6: =COUNTIF('Reception-CQ'!J6:J25,"CONFORME") -> 0
A7: Lignes à vérifier | B7: =COUNTIF('Reception-CQ'!J6:J25,"À VÉRIFIER") -> 0
A8: Lignes en écart significatif | B8: =COUNTIF('Reception-CQ'!J6:J25,"ÉCART SIGNIFICATIF") -> 0
A9: Écart total (quantité, toutes lignes) | B9: =SUM('Reception-CQ'!I6:I25) -> 0
