Workbook

Sheet Indicateurs
A1: GRILLE D'IDENTIFICATION PRÉCOCE DES CONFLITS D'ÉQUIPE
A2: Module 08 · Gestion des Conflits & Médiation en Équipe Multiculturelle · BK-BOOST Ltd. -- À tenir à jour en continu, pas seulement au moment d'un incident déjà déclaré.
A4: Équipe / Base | B4: Indicateur de tension observé | C4: Date constatée | D4: Sévérité (1-3) | E4: Rapporté par
A5: Base Goma - Logistique | B5: Baisse notable d'initiative spontanée de l'équipe en réunion | C5: 46217 | D5: 2 | E5: Base Manager
A6: Base Goma - Logistique | B6: Remarques informelles rapportées par plusieurs membres au Base Manager | C6: 46225 | D6: 2 | E6: Base Manager
A7: Base Goma - Logistique | B7: Réduction visible des échanges informels avec le chef d'équipe | C7: 46235 | D7: 3 | E7: HR Manager (observation directe)
A8: Base Bunia - Santé | B8: Désaccord isolé sur un planning de garde, résolu en 24h | C8: 46213 | D8: 1 | E8: Chef d'équipe santé
A9: Base Uvira - WASH | B9: Deux collègues évitent de se parler directement depuis une semaine | C9: 46239 | D9: 2 | E9: Collègue d'équipe
A26: Note : chaque indicateur doit être daté dès sa constatation, pas reconstitué de mémoire plus tard -- c'est la condition pour que l'onglet 'Alerte d'escalade' calcule une fenêtre de 30 jours fiable.

Sheet Alerte d'escalade
A1: ALERTE D'ESCALADE PAR ÉQUIPE
A2: Calculé automatiquement depuis l'onglet 'Indicateurs' -- ne pas modifier les formules. Fenêtre glissante de 30 jours par rapport à la date la plus récente enregistrée.
A4: Date de référence (indicateur le plus récent enregistré) : | C4: =MAX(Indicateurs!C5:C24) -> 46239
A6: Équipe / Base | B6: Nb indicateurs (fenêtre 30j) | C6: Somme sévérité (fenêtre 30j) | D6: Statut
A7: Base Goma - Logistique | B7: =COUNTIFS(Indicateurs!$A$5:$A$24,$A7,Indicateurs!$C$5:$C$24,">="&($C$4-30),Indicateurs!$C$5:$C$24,"<="&$C$4) -> 3 | C7: =SUMIFS(Indicateurs!$D$5:$D$24,Indicateurs!$A$5:$A$24,$A7,Indicateurs!$C$5:$C$24,">="&($C$4-30),Indicateurs!$C$5:$C$24,"<="&$C$4) -> 7 | D7: =IF(OR(B7>=3,C7>=6),"ESCALADE - INTERVENTION REQUISE",IF(OR(B7>=2,C7>=4),"A SURVEILLER DE PRES","NORMAL")) -> ESCALADE - INTERVENTION REQUISE
A8: Base Bunia - Santé | B8: =COUNTIFS(Indicateurs!$A$5:$A$24,$A8,Indicateurs!$C$5:$C$24,">="&($C$4-30),Indicateurs!$C$5:$C$24,"<="&$C$4) -> 1 | C8: =SUMIFS(Indicateurs!$D$5:$D$24,Indicateurs!$A$5:$A$24,$A8,Indicateurs!$C$5:$C$24,">="&($C$4-30),Indicateurs!$C$5:$C$24,"<="&$C$4) -> 1 | D8: =IF(OR(B8>=3,C8>=6),"ESCALADE - INTERVENTION REQUISE",IF(OR(B8>=2,C8>=4),"A SURVEILLER DE PRES","NORMAL")) -> NORMAL
A9: Base Uvira - WASH | B9: =COUNTIFS(Indicateurs!$A$5:$A$24,$A9,Indicateurs!$C$5:$C$24,">="&($C$4-30),Indicateurs!$C$5:$C$24,"<="&$C$4) -> 1 | C9: =SUMIFS(Indicateurs!$D$5:$D$24,Indicateurs!$A$5:$A$24,$A9,Indicateurs!$C$5:$C$24,">="&($C$4-30),Indicateurs!$C$5:$C$24,"<="&$C$4) -> 2 | D9: =IF(OR(B9>=3,C9>=6),"ESCALADE - INTERVENTION REQUISE",IF(OR(B9>=2,C9>=4),"A SURVEILLER DE PRES","NORMAL")) -> NORMAL
B10: =IF($A10="","",COUNTIFS(Indicateurs!$A$5:$A$24,$A10,Indicateurs!$C$5:$C$24,">="&($C$4-30),Indicateurs!$C$5:$C$24,"<="&$C$4)) | C10: =IF($A10="","",SUMIFS(Indicateurs!$D$5:$D$24,Indicateurs!$A$5:$A$24,$A10,Indicateurs!$C$5:$C$24,">="&($C$4-30),Indicateurs!$C$5:$C$24,"<="&$C$4)) | D10: =IF($A10="","",IF(OR(B10>=3,C10>=6),"ESCALADE - INTERVENTION REQUISE",IF(OR(B10>=2,C10>=4),"A SURVEILLER DE PRES","NORMAL")))
B11: =IF($A11="","",COUNTIFS(Indicateurs!$A$5:$A$24,$A11,Indicateurs!$C$5:$C$24,">="&($C$4-30),Indicateurs!$C$5:$C$24,"<="&$C$4)) | C11: =IF($A11="","",SUMIFS(Indicateurs!$D$5:$D$24,Indicateurs!$A$5:$A$24,$A11,Indicateurs!$C$5:$C$24,">="&($C$4-30),Indicateurs!$C$5:$C$24,"<="&$C$4)) | D11: =IF($A11="","",IF(OR(B11>=3,C11>=6),"ESCALADE - INTERVENTION REQUISE",IF(OR(B11>=2,C11>=4),"A SURVEILLER DE PRES","NORMAL")))
B12: =IF($A12="","",COUNTIFS(Indicateurs!$A$5:$A$24,$A12,Indicateurs!$C$5:$C$24,">="&($C$4-30),Indicateurs!$C$5:$C$24,"<="&$C$4)) | C12: =IF($A12="","",SUMIFS(Indicateurs!$D$5:$D$24,Indicateurs!$A$5:$A$24,$A12,Indicateurs!$C$5:$C$24,">="&($C$4-30),Indicateurs!$C$5:$C$24,"<="&$C$4)) | D12: =IF($A12="","",IF(OR(B12>=3,C12>=6),"ESCALADE - INTERVENTION REQUISE",IF(OR(B12>=2,C12>=4),"A SURVEILLER DE PRES","NORMAL")))
B13: =IF($A13="","",COUNTIFS(Indicateurs!$A$5:$A$24,$A13,Indicateurs!$C$5:$C$24,">="&($C$4-30),Indicateurs!$C$5:$C$24,"<="&$C$4)) | C13: =IF($A13="","",SUMIFS(Indicateurs!$D$5:$D$24,Indicateurs!$A$5:$A$24,$A13,Indicateurs!$C$5:$C$24,">="&($C$4-30),Indicateurs!$C$5:$C$24,"<="&$C$4)) | D13: =IF($A13="","",IF(OR(B13>=3,C13>=6),"ESCALADE - INTERVENTION REQUISE",IF(OR(B13>=2,C13>=4),"A SURVEILLER DE PRES","NORMAL")))
A15: Seuils : ESCALADE si 3 indicateurs ou plus (ou sévérité cumulée >= 6) sur 30 jours glissants pour la même équipe -- A SURVEILLER si 2 indicateurs ou plus (ou sévérité cumulée >= 4). Un statut ESCALADE déclenche une médiation sous 5 jours ouvrés avec le protocole protocole-mediation-conflit-equipe-multiculturelle.docx.
