Workbook

Sheet Checklist Dossiers
A1: CHECKLIST DU DOSSIER INDIVIDUEL DU PERSONNEL
A2: Module 03 — Contrats de Travail & Administration du Personnel — BK-BOOST Ltd.
A3: Renseignez Oui / Non / N/A pour chaque document et chaque employé. Le taux de complétude se calcule automatiquement (colonnes grisées : ne pas modifier les formules).
A5: Document requis | B5: Statut | C5: Jean-Pierre Mwamba Chauffeur logistique · National RDC (Goma) | D5: Aicha Abakar Assistante RH · National Tchad (Abéché) | E5: Nyandeng Deng Officier Distribution · National Soudan du Sud (Bentiu) | F5: Marc Lefevre Coordinateur Terrain · Expatrié Haïti (Port-au-Prince) | G5: Grace Okafor Infirmière Superviseure · National Nigeria (Maiduguri) | H5: Sophie Berger Log Cluster Liaison · Expatrié Tchad (N'Djamena)
A6: Contrat de travail signé (original) | B6: Oui | C6: Oui | D6: Oui | E6: Oui | F6: Oui | G6: Oui | H6: Oui
A7: Copie pièce d'identité / passeport valide | B7: Oui | C7: Oui | D7: Oui | E7: Oui | F7: Oui | G7: Oui | H7: Oui
A8: CV à jour | B8: Oui | C8: Oui | D8: Oui | E8: Oui | F8: Oui | G8: Oui | H8: Oui
A9: Diplômes et certificats de qualification (copies certifiées) | B9: Oui | C9: Oui | D9: Oui | E9: Non | F9: Oui | G9: Oui | H9: Oui
A10: Certificat médical d'aptitude au travail | B10: Oui | C10: Non | D10: Oui | E10: Oui | F10: Oui | G10: Oui | H10: Oui
A11: Vérification des références (au moins 2, documentée) | B11: Oui | C11: Non | D11: Oui | E11: Oui | F11: Oui | G11: Oui | H11: Oui
A12: Formulaire d'urgence (personne à contacter) | B12: Oui | C12: Oui | D12: Oui | E12: Oui | F12: Oui | G12: Oui | H12: Non
A13: Code de conduite signé (incl. politique PSEA) | B13: Oui | C13: Oui | D13: Oui | E13: Oui | F13: Oui | G13: Non | H13: Oui
A14: Fiche de poste signée (Job Description) | B14: Oui | C14: Oui | D14: Oui | E14: Oui | F14: Oui | G14: Oui | H14: Oui
A15: Photo d'identité | B15: Oui | C15: Oui | D15: Oui | E15: Oui | F15: Oui | G15: Oui | H15: Oui
A16: Coordonnées bancaires pour la paie (RIB) | B16: Oui | C16: Oui | D16: Oui | E16: Oui | F16: Oui | G16: Oui | H16: Oui
... A19: Attestation de fin de période d'essai | B19: Selon profil | C19: N/A | D19: N/A | E19: N/A | F19: N/A | G19: N/A | H19: N/A
A21: Taux de complétude du dossier (%) | C21: =ROUND(COUNTIF(C6:C19,"Oui")/(COUNTIF(C6:C19,"Oui")+COUNTIF(C6:C19,"Non"))*100,0) -> 83 | D21: =ROUND(COUNTIF(D6:D19,"Oui")/(COUNTIF(D6:D19,"Oui")+COUNTIF(D6:D19,"Non"))*100,0) -> 100 | E21: =ROUND(COUNTIF(E6:E19,"Oui")/(COUNTIF(E6:E19,"Oui")+COUNTIF(E6:E19,"Non"))*100,0) -> 92 | F21: =ROUND(COUNTIF(F6:F19,"Oui")/(COUNTIF(F6:F19,"Oui")+COUNTIF(F6:F19,"Non"))*100,0) -> 92 | G21: =ROUND(COUNTIF(G6:G19,"Oui")/(COUNTIF(G6:G19,"Oui")+COUNTIF(G6:G19,"Non"))*100,0) -> 92 | H21: =ROUND(COUNTIF(H6:H19,"Oui")/(COUNTIF(H6:H19,"Oui")+COUNTIF(H6:H19,"Non"))*100,0) -> 92
A22: Nombre de documents manquants | C22: =COUNTIF(C6:C19,"Non") -> 2 | D22: =COUNTIF(D6:D19,"Non") -> 0 | E22: =COUNTIF(E6:E19,"Non") -> 1 | F22: =COUNTIF(F6:F19,"Non") -> 1 | G22: =COUNTIF(G6:G19,"Non") -> 1 | H22: =COUNTIF(H6:H19,"Non") -> 1

Sheet Tableau de bord équipe
A1: TABLEAU DE BORD — COMPLÉTUDE DES DOSSIERS DU PERSONNEL
A2: Calculé automatiquement à partir de l'onglet Checklist Dossiers — ne pas modifier les formules.
A4: Ce tableau se met à jour seul dès que vous complétez l'onglet Checklist Dossiers. Revue recommandée : au minimum une fois par trimestre.
A6: Employé | B6: Fonction / Mission | C6: Taux de complétude | D6: Documents manquants | E6: Statut du dossier
A7: Jean-Pierre Mwamba | B7: Chauffeur logistique — RDC (Goma) | C7: ='Checklist Dossiers'!C21 -> 83 | D7: ='Checklist Dossiers'!C22 -> 2 | E7: =IF(C7=100,"Complet","À compléter") -> À compléter
A8: Aicha Abakar | B8: Assistante RH — Tchad (Abéché) | C8: ='Checklist Dossiers'!D21 -> 100 | D8: ='Checklist Dossiers'!D22 -> 0 | E8: =IF(C8=100,"Complet","À compléter") -> Complet
A9: Nyandeng Deng | B9: Officier Distribution — Soudan du Sud (Bentiu) | C9: ='Checklist Dossiers'!E21 -> 92 | D9: ='Checklist Dossiers'!E22 -> 1 | E9: =IF(C9=100,"Complet","À compléter") -> À compléter
A10: Marc Lefevre | B10: Coordinateur Terrain — Haïti (Port-au-Prince) | C10: ='Checklist Dossiers'!F21 -> 92 | D10: ='Checklist Dossiers'!F22 -> 1 | E10: =IF(C10=100,"Complet","À compléter") -> À compléter
A11: Grace Okafor | B11: Infirmière Superviseure — Nigeria (Maiduguri) | C11: ='Checklist Dossiers'!G21 -> 92 | D11: ='Checklist Dossiers'!G22 -> 1 | E11: =IF(C11=100,"Complet","À compléter") -> À compléter
A12: Sophie Berger | B12: Log Cluster Liaison — Tchad (N'Djamena) | C12: ='Checklist Dossiers'!H21 -> 92 | D12: ='Checklist Dossiers'!H22 -> 1 | E12: =IF(C12=100,"Complet","À compléter") -> À compléter
A14: SYNTHÈSE ÉQUIPE
A15: Taux de complétude moyen de l'équipe | D15: =ROUND(AVERAGE(C7:C12),0) -> 92
A16: Nombre de dossiers complets (100%) | D16: =COUNTIF(E7:E12,"Complet") -> 1
A17: Nombre de dossiers à compléter | D17: =COUNTIF(E7:E12,"À compléter") -> 5
A18: Total documents manquants (toute l'équipe) | D18: =SUM(D7:D12) -> 6
