Workbook

Sheet Evaluation HEAT
A1: GRILLE D'EVALUATION DES BESOINS - MIRA / HEAT
A2: Module 02 - Evaluation des Besoins & Planification Logistique d'Urgence - BK-BOOST Ltd.
A4: Zone / Secteur | B4: Population estimee exposee | C4: H - Hasard (0-4) | D4: E - Exposition (0-4) | E4: A - Acces (0-4) | F4: T - Transport (0-4) | G4: Score severite (pondere /4) | H4: Besoin logistique identifie | I4: Statut info | J4: Derniere MAJ | K4: Commentaire / a verifier
A5: Raboteau (Gonaives) | B5: 8200 | C5: 3 | D5: 4 | E5: 3 | F5: 3 | G5: =SUMPRODUCT(C5:F5,TRANSPOSE(Ponderation!$C$5:$C$8)) -> 3.25 | H5: Kits WASH, comprimes de purification d'eau, bâches | I5: Confirme | J5: 2026-08-29 | K5: Zone la plus densement peuplee touchee ; antecedent cholera documente
A6: Bigot (Gonaives) | B6: 5400 | C6: 2 | D6: 3 | E6: 2 | F6: 2 | G6: =SUMPRODUCT(C6:F6,TRANSPOSE(Ponderation!$C$5:$C$8)) -> 2.25 | H6: Bâches, kits abris d'urgence | I6: A confirmer | J6: 2026-08-29 | K6: Chiffre de population non verifie, a confirmer avec le point focal local
A7: Acces entrepot Saint-Marc | B7: 0 | C7: 1 | D7: 1 | E7: 2 | F7: 3 | G7: =SUMPRODUCT(C7:F7,TRANSPOSE(Ponderation!$C$5:$C$8)) -> 1.75 | H7: Verification stock preposition (kits WASH, bâches, purification eau) | I7: A confirmer | J7: 2026-08-29 | K7: Etat et quantite du stock non confirmes depuis 6 mois
G8: =IF(C8="","",SUMPRODUCT(C8:F8,TRANSPOSE(Ponderation!$C$5:$C$8)))
G9: =IF(C9="","",SUMPRODUCT(C9:F9,TRANSPOSE(Ponderation!$C$5:$C$8)))
G10: =IF(C10="","",SUMPRODUCT(C10:F10,TRANSPOSE(Ponderation!$C$5:$C$8)))
G11: =IF(C11="","",SUMPRODUCT(C11:F11,TRANSPOSE(Ponderation!$C$5:$C$8)))
G12: =IF(C12="","",SUMPRODUCT(C12:F12,TRANSPOSE(Ponderation!$C$5:$C$8)))
G13: =IF(C13="","",SUMPRODUCT(C13:F13,TRANSPOSE(Ponderation!$C$5:$C$8)))
G14: =IF(C14="","",SUMPRODUCT(C14:F14,TRANSPOSE(Ponderation!$C$5:$C$8)))
G15: =IF(C15="","",SUMPRODUCT(C15:F15,TRANSPOSE(Ponderation!$C$5:$C$8)))
G16: =IF(C16="","",SUMPRODUCT(C16:F16,TRANSPOSE(Ponderation!$C$5:$C$8)))
G17: =IF(C17="","",SUMPRODUCT(C17:F17,TRANSPOSE(Ponderation!$C$5:$C$8)))
G18: =IF(C18="","",SUMPRODUCT(C18:F18,TRANSPOSE(Ponderation!$C$5:$C$8)))
G19: =IF(C19="","",SUMPRODUCT(C19:F19,TRANSPOSE(Ponderation!$C$5:$C$8)))
A21: Legende : H=Hasard, E=Exposition, A=Acces, T=Transport (0=aucune contrainte, 4=bloquant). Score de severite = moyenne ponderee des 4 axes (voir onglet Ponderation).

Sheet Synthese
A1: SYNTHESE ET PRIORISATION DES ZONES
A2: Calculee automatiquement a partir de l'onglet Evaluation HEAT - ne pas modifier les formules.
A4: Zone / Secteur | B4: Score de severite | C4: Niveau de priorite | D4: Besoin logistique identifie | E4: Statut info
A5: =IF('Evaluation HEAT'!A5="","",'Evaluation HEAT'!A5) -> Raboteau (Gonaives) | B5: =IF('Evaluation HEAT'!A5="","",'Evaluation HEAT'!G5) -> 3.25 | C5: =IF('Evaluation HEAT'!A5="","",IF('Evaluation HEAT'!G5>=3,"Critique",IF('Evaluation HEAT'!G5>=2,"Elevee","Moderee"))) -> Critique | D5: =IF('Evaluation HEAT'!A5="","",'Evaluation HEAT'!H5) -> Kits WASH, comprimes de purification d'eau, bâches | E5: =IF('Evaluation HEAT'!A5="","",'Evaluation HEAT'!I5) -> Confirme
A6: =IF('Evaluation HEAT'!A6="","",'Evaluation HEAT'!A6) -> Bigot (Gonaives) | B6: =IF('Evaluation HEAT'!A6="","",'Evaluation HEAT'!G6) -> 2.25 | C6: =IF('Evaluation HEAT'!A6="","",IF('Evaluation HEAT'!G6>=3,"Critique",IF('Evaluation HEAT'!G6>=2,"Elevee","Moderee"))) -> Elevee | D6: =IF('Evaluation HEAT'!A6="","",'Evaluation HEAT'!H6) -> Bâches, kits abris d'urgence | E6: =IF('Evaluation HEAT'!A6="","",'Evaluation HEAT'!I6) -> A confirmer
A7: =IF('Evaluation HEAT'!A7="","",'Evaluation HEAT'!A7) -> Acces entrepot Saint-Marc | B7: =IF('Evaluation HEAT'!A7="","",'Evaluation HEAT'!G7) -> 1.75 | C7: =IF('Evaluation HEAT'!A7="","",IF('Evaluation HEAT'!G7>=3,"Critique",IF('Evaluation HEAT'!G7>=2,"Elevee","Moderee"))) -> Moderee | D7: =IF('Evaluation HEAT'!A7="","",'Evaluation HEAT'!H7) -> Verification stock preposition (kits WASH, bâches, purification eau) | E7: =IF('Evaluation HEAT'!A7="","",'Evaluation HEAT'!I7) -> A confirmer
A8: =IF('Evaluation HEAT'!A8="","",'Evaluation HEAT'!A8) | B8: =IF('Evaluation HEAT'!A8="","",'Evaluation HEAT'!G8) | C8: =IF('Evaluation HEAT'!A8="","",IF('Evaluation HEAT'!G8>=3,"Critique",IF('Evaluation HEAT'!G8>=2,"Elevee","Moderee"))) | D8: =IF('Evaluation HEAT'!A8="","",'Evaluation HEAT'!H8) | E8: =IF('Evaluation HEAT'!A8="","",'Evaluation HEAT'!I8)
A9: =IF('Evaluation HEAT'!A9="","",'Evaluation HEAT'!A9) | B9: =IF('Evaluation HEAT'!A9="","",'Evaluation HEAT'!G9) | C9: =IF('Evaluation HEAT'!A9="","",IF('Evaluation HEAT'!G9>=3,"Critique",IF('Evaluation HEAT'!G9>=2,"Elevee","Moderee"))) | D9: =IF('Evaluation HEAT'!A9="","",'Evaluation HEAT'!H9) | E9: =IF('Evaluation HEAT'!A9="","",'Evaluation HEAT'!I9)
A10: =IF('Evaluation HEAT'!A10="","",'Evaluation HEAT'!A10) | B10: =IF('Evaluation HEAT'!A10="","",'Evaluation HEAT'!G10) | C10: =IF('Evaluation HEAT'!A10="","",IF('Evaluation HEAT'!G10>=3,"Critique",IF('Evaluation HEAT'!G10>=2,"Elevee","Moderee"))) | D10: =IF('Evaluation HEAT'!A10="","",'Evaluation HEAT'!H10) | E10: =IF('Evaluation HEAT'!A10="","",'Evaluation HEAT'!I10)
A11: =IF('Evaluation HEAT'!A11="","",'Evaluation HEAT'!A11) | B11: =IF('Evaluation HEAT'!A11="","",'Evaluation HEAT'!G11) | C11: =IF('Evaluation HEAT'!A11="","",IF('Evaluation HEAT'!G11>=3,"Critique",IF('Evaluation HEAT'!G11>=2,"Elevee","Moderee"))) | D11: =IF('Evaluation HEAT'!A11="","",'Evaluation HEAT'!H11) | E11: =IF('Evaluation HEAT'!A11="","",'Evaluation HEAT'!I11)
A12: =IF('Evaluation HEAT'!A12="","",'Evaluation HEAT'!A12) | B12: =IF('Evaluation HEAT'!A12="","",'Evaluation HEAT'!G12) | C12: =IF('Evaluation HEAT'!A12="","",IF('Evaluation HEAT'!G12>=3,"Critique",IF('Evaluation HEAT'!G12>=2,"Elevee","Moderee"))) | D12: =IF('Evaluation HEAT'!A12="","",'Evaluation HEAT'!H12) | E12: =IF('Evaluation HEAT'!A12="","",'Evaluation HEAT'!I12)
A13: =IF('Evaluation HEAT'!A13="","",'Evaluation HEAT'!A13) | B13: =IF('Evaluation HEAT'!A13="","",'Evaluation HEAT'!G13) | C13: =IF('Evaluation HEAT'!A13="","",IF('Evaluation HEAT'!G13>=3,"Critique",IF('Evaluation HEAT'!G13>=2,"Elevee","Moderee"))) | D13: =IF('Evaluation HEAT'!A13="","",'Evaluation HEAT'!H13) | E13: =IF('Evaluation HEAT'!A13="","",'Evaluation HEAT'!I13)
A14: =IF('Evaluation HEAT'!A14="","",'Evaluation HEAT'!A14) | B14: =IF('Evaluation HEAT'!A14="","",'Evaluation HEAT'!G14) | C14: =IF('Evaluation HEAT'!A14="","",IF('Evaluation HEAT'!G14>=3,"Critique",IF('Evaluation HEAT'!G14>=2,"Elevee","Moderee"))) | D14: =IF('Evaluation HEAT'!A14="","",'Evaluation HEAT'!H14) | E14: =IF('Evaluation HEAT'!A14="","",'Evaluation HEAT'!I14)
A15: =IF('Evaluation HEAT'!A15="","",'Evaluation HEAT'!A15) | B15: =IF('Evaluation HEAT'!A15="","",'Evaluation HEAT'!G15) | C15: =IF('Evaluation HEAT'!A15="","",IF('Evaluation HEAT'!G15>=3,"Critique",IF('Evaluation HEAT'!G15>=2,"Elevee","Moderee"))) | D15: =IF('Evaluation HEAT'!A15="","",'Evaluation HEAT'!H15) | E15: =IF('Evaluation HEAT'!A15="","",'Evaluation HEAT'!I15)
A16: =IF('Evaluation HEAT'!A16="","",'Evaluation HEAT'!A16) | B16: =IF('Evaluation HEAT'!A16="","",'Evaluation HEAT'!G16) | C16: =IF('Evaluation HEAT'!A16="","",IF('Evaluation HEAT'!G16>=3,"Critique",IF('Evaluation HEAT'!G16>=2,"Elevee","Moderee"))) | D16: =IF('Evaluation HEAT'!A16="","",'Evaluation HEAT'!H16) | E16: =IF('Evaluation HEAT'!A16="","",'Evaluation HEAT'!I16)
... A19: =IF('Evaluation HEAT'!A19="","",'Evaluation HEAT'!A19) | B19: =IF('Evaluation HEAT'!A19="","",'Evaluation HEAT'!G19) | C19: =IF('Evaluation HEAT'!A19="","",IF('Evaluation HEAT'!G19>=3,"Critique",IF('Evaluation HEAT'!G19>=2,"Elevee","Moderee"))) | D19: =IF('Evaluation HEAT'!A19="","",'Evaluation HEAT'!H19) | E19: =IF('Evaluation HEAT'!A19="","",'Evaluation HEAT'!I19)
A21: Nombre de zones evaluees | B21: =COUNTIF(A5:A19,"?*") -> 3
A22: Dont niveau de priorite Critique | B22: =COUNTIF(C5:C19,"Critique") -> 1
A23: Dont "Critique" ET statut "A confirmer" | B23: =COUNTIFS(C5:C19,"Critique",E5:E19,"A confirmer") -> 0

Sheet Ponderation
A1: PONDERATION DES AXES HEAT
A2: Poids utilises dans le calcul du score de severite de l'onglet Evaluation HEAT.
A4: Axe | B4: Libelle | C4: Poids applique
A5: H | B5: Hasard - danger physique residuel pour l'operation logistique | C5: 0.25
A6: E | B6: Exposition - population et infrastructures critiques exposees | C6: 0.25
A7: A | B7: Acces - possibilite reelle d'atteindre la zone (route/fleuve/air) | C7: 0.25
A8: T | B8: Transport - disponibilite de moyens de transport et de stockage | C8: 0.25
A10: Total | C10: =SUM(C5:C8) -> 1
A12: Note : la somme des poids doit toujours etre egale a 100%. Modifiez les poids ici uniquement si un contexte specifique justifie de ponderer un axe plus qu'un autre (ex. contexte epidemique -> ponderer davantage l'axe Exposition).
