Workbook

Sheet Véhicules
A1: PARC VÉHICULES
A2: Module 03 — Gestion de Flotte & Transport en Zones Complexes — BK-BOOST Ltd.
A4: Immatriculation | B4: Modèle | C4: Date mise en service | D4: Conso. théorique (L/100km) | E4: Statut
A5: V-01 | B5: Toyota Land Cruiser HZJ78 | C5: 2023-03-01 | D5: 14.5 | E5: En service
A6: V-02 | B6: Toyota Hilux Double Cabine | C6: 2022-07-15 | D6: 11 | E6: En service
A7: V-03 | B7: Toyota Land Cruiser 200 | C7: 2021-11-10 | D7: 15 | E7: En service
A8: V-04 | B8: Toyota Hiace (minibus) | C8: 2020-05-20 | D8: 12.5 | E8: En service
A15: Légende : ajoutez une ligne par véhicule de la flotte. La consommation théorique sert de référence de comparaison dans l'onglet Trajets.

Sheet Trajets
A1: JOURNAL DES TRAJETS
A2: Module 03 — Gestion de Flotte & Transport en Zones Complexes — BK-BOOST Ltd.
A4: Date | B4: Immatriculation | C4: Conducteur | D4: Motif du trajet | E4: Km départ | F4: Km arrivée | G4: Km parcourus | H4: Carburant pris (L) | I4: Conso. /100km | J4: Conso. théorique (L/100km) | K4: Écart vs théorique | L4: Anomalie | M4: Mois
A5: 2026-03-02 | B5: V-01 | C5: Jean-Pierre Mumbere | D5: Approvisionnement carburant Goma | E5: 40120 | F5: 40180 | G5: =IF(AND(E5<>"",F5<>""),F5-E5,"") -> 60 | H5: 8.9 | I5: =IFERROR(IF(OR(G5="",G5=0),"",(H5/G5)*100),"") -> 14.833333 | J5: =IFERROR(VLOOKUP(B5,Véhicules!$A$5:$D$14,4,FALSE()),"") -> 14.5 | K5: =IFERROR(IF(OR(I5="",J5="",J5=0),"",(I5-J5)/J5),"") -> 0.022988506 | L5: =IF(K5="","",IF(ABS(K5)>0.15,"ANOMALIE","OK")) -> OK | M5: =IF(A5="","",TEXT(A5,"yyyy-mm")) -> 2026-03
A6: 2026-03-03 | B6: V-02 | C6: Alice Kavira | D6: Distribution NFI | E6: 15230 | F6: 15265 | G6: =IF(AND(E6<>"",F6<>""),F6-E6,"") -> 35 | H6: 3.8 | I6: =IFERROR(IF(OR(G6="",G6=0),"",(H6/G6)*100),"") -> 10.857143 | J6: =IFERROR(VLOOKUP(B6,Véhicules!$A$5:$D$14,4,FALSE()),"") -> 11 | K6: =IFERROR(IF(OR(I6="",J6="",J6=0),"",(I6-J6)/J6),"") -> -0.012987013 | L6: =IF(K6="","",IF(ABS(K6)>0.15,"ANOMALIE","OK")) -> OK | M6: =IF(A6="","",TEXT(A6,"yyyy-mm")) -> 2026-03
A7: 2026-03-04 | B7: V-03 | C7: Patrick Bahati | D7: Supervision médicale Rutshuru | E7: 61410 | F7: 61460 | G7: =IF(AND(E7<>"",F7<>""),F7-E7,"") -> 50 | H7: 7.6 | I7: =IFERROR(IF(OR(G7="",G7=0),"",(H7/G7)*100),"") -> 15.2 | J7: =IFERROR(VLOOKUP(B7,Véhicules!$A$5:$D$14,4,FALSE()),"") -> 15 | K7: =IFERROR(IF(OR(I7="",J7="",J7=0),"",(I7-J7)/J7),"") -> 0.013333333 | L7: =IF(K7="","",IF(ABS(K7)>0.15,"ANOMALIE","OK")) -> OK | M7: =IF(A7="","",TEXT(A7,"yyyy-mm")) -> 2026-03
A8: 2026-03-05 | B8: V-01 | C8: Jean-Pierre Mumbere | D8: Réunion coordination Goma | E8: 40180 | F8: 40202 | G8: =IF(AND(E8<>"",F8<>""),F8-E8,"") -> 22 | H8: 3.1 | I8: =IFERROR(IF(OR(G8="",G8=0),"",(H8/G8)*100),"") -> 14.090909 | J8: =IFERROR(VLOOKUP(B8,Véhicules!$A$5:$D$14,4,FALSE()),"") -> 14.5 | K8: =IFERROR(IF(OR(I8="",J8="",J8=0),"",(I8-J8)/J8),"") -> -0.028213166 | L8: =IF(K8="","",IF(ABS(K8)>0.15,"ANOMALIE","OK")) -> OK | M8: =IF(A8="","",TEXT(A8,"yyyy-mm")) -> 2026-03
A9: 2026-03-06 | B9: V-04 | C9: Espoir Katembo | D9: Transport équipe nutrition | E9: 22110 | F9: 22140 | G9: =IF(AND(E9<>"",F9<>""),F9-E9,"") -> 30 | H9: 3.7 | I9: =IFERROR(IF(OR(G9="",G9=0),"",(H9/G9)*100),"") -> 12.333333 | J9: =IFERROR(VLOOKUP(B9,Véhicules!$A$5:$D$14,4,FALSE()),"") -> 12.5 | K9: =IFERROR(IF(OR(I9="",J9="",J9=0),"",(I9-J9)/J9),"") -> -0.013333333 | L9: =IF(K9="","",IF(ABS(K9)>0.15,"ANOMALIE","OK")) -> OK | M9: =IF(A9="","",TEXT(A9,"yyyy-mm")) -> 2026-03
A10: 2026-03-09 | B10: V-02 | C10: Alice Kavira | D10: Approvisionnement entrepôt | E10: 15265 | F10: 15305 | G10: =IF(AND(E10<>"",F10<>""),F10-E10,"") -> 40 | H10: 4.5 | I10: =IFERROR(IF(OR(G10="",G10=0),"",(H10/G10)*100),"") -> 11.25 | J10: =IFERROR(VLOOKUP(B10,Véhicules!$A$5:$D$14,4,FALSE()),"") -> 11 | K10: =IFERROR(IF(OR(I10="",J10="",J10=0),"",(I10-J10)/J10),"") -> 0.022727273 | L10: =IF(K10="","",IF(ABS(K10)>0.15,"ANOMALIE","OK")) -> OK | M10: =IF(A10="","",TEXT(A10,"yyyy-mm")) -> 2026-03
A11: 2026-03-10 | B11: V-03 | C11: Patrick Bahati | D11: Supervision médicale Rutshuru | E11: 61460 | F11: 61510 | G11: =IF(AND(E11<>"",F11<>""),F11-E11,"") -> 50 | H11: 7.7 | I11: =IFERROR(IF(OR(G11="",G11=0),"",(H11/G11)*100),"") -> 15.4 | J11: =IFERROR(VLOOKUP(B11,Véhicules!$A$5:$D$14,4,FALSE()),"") -> 15 | K11: =IFERROR(IF(OR(I11="",J11="",J11=0),"",(I11-J11)/J11),"") -> 0.026666667 | L11: =IF(K11="","",IF(ABS(K11)>0.15,"ANOMALIE","OK")) -> OK | M11: =IF(A11="","",TEXT(A11,"yyyy-mm")) -> 2026-03
A12: 2026-03-11 | B12: V-01 | C12: Jean-Pierre Mumbere | D12: Visite site déplacés | E12: 40202 | F12: 40250 | G12: =IF(AND(E12<>"",F12<>""),F12-E12,"") -> 48 | H12: 7.2 | I12: =IFERROR(IF(OR(G12="",G12=0),"",(H12/G12)*100),"") -> 15 | J12: =IFERROR(VLOOKUP(B12,Véhicules!$A$5:$D$14,4,FALSE()),"") -> 14.5 | K12: =IFERROR(IF(OR(I12="",J12="",J12=0),"",(I12-J12)/J12),"") -> 0.034482759 | L12: =IF(K12="","",IF(ABS(K12)>0.15,"ANOMALIE","OK")) -> OK | M12: =IF(A12="","",TEXT(A12,"yyyy-mm")) -> 2026-03
A13: 2026-03-12 | B13: V-04 | C13: Espoir Katembo | D13: Transport équipe nutrition | E13: 22140 | F13: 22170 | G13: =IF(AND(E13<>"",F13<>""),F13-E13,"") -> 30 | H13: 3.8 | I13: =IFERROR(IF(OR(G13="",G13=0),"",(H13/G13)*100),"") -> 12.666667 | J13: =IFERROR(VLOOKUP(B13,Véhicules!$A$5:$D$14,4,FALSE()),"") -> 12.5 | K13: =IFERROR(IF(OR(I13="",J13="",J13=0),"",(I13-J13)/J13),"") -> 0.013333333 | L13: =IF(K13="","",IF(ABS(K13)>0.15,"ANOMALIE","OK")) -> OK | M13: =IF(A13="","",TEXT(A13,"yyyy-mm")) -> 2026-03
A14: 2026-03-13 | B14: V-03 | C14: Patrick Bahati | D14: Supervision médicale Rutshuru | E14: 61510 | F14: 61560 | G14: =IF(AND(E14<>"",F14<>""),F14-E14,"") -> 50 | H14: 8.8 | I14: =IFERROR(IF(OR(G14="",G14=0),"",(H14/G14)*100),"") -> 17.6 | J14: =IFERROR(VLOOKUP(B14,Véhicules!$A$5:$D$14,4,FALSE()),"") -> 15 | K14: =IFERROR(IF(OR(I14="",J14="",J14=0),"",(I14-J14)/J14),"") -> 0.17333333 | L14: =IF(K14="","",IF(ABS(K14)>0.15,"ANOMALIE","OK")) -> ANOMALIE | M14: =IF(A14="","",TEXT(A14,"yyyy-mm")) -> 2026-03
A15: 2026-03-16 | B15: V-02 | C15: Alice Kavira | D15: Distribution NFI | E15: 15305 | F15: 15340 | G15: =IF(AND(E15<>"",F15<>""),F15-E15,"") -> 35 | H15: 3.7 | I15: =IFERROR(IF(OR(G15="",G15=0),"",(H15/G15)*100),"") -> 10.571429 | J15: =IFERROR(VLOOKUP(B15,Véhicules!$A$5:$D$14,4,FALSE()),"") -> 11 | K15: =IFERROR(IF(OR(I15="",J15="",J15=0),"",(I15-J15)/J15),"") -> -0.038961039 | L15: =IF(K15="","",IF(ABS(K15)>0.15,"ANOMALIE","OK")) -> OK | M15: =IF(A15="","",TEXT(A15,"yyyy-mm")) -> 2026-03
A16: 2026-03-17 | B16: V-01 | C16: Jean-Pierre Mumbere | D16: Approvisionnement carburant Goma | E16: 40250 | F16: 40310 | G16: =IF(AND(E16<>"",F16<>""),F16-E16,"") -> 60 | H16: 8.8 | I16: =IFERROR(IF(OR(G16="",G16=0),"",(H16/G16)*100),"") -> 14.666667 | J16: =IFERROR(VLOOKUP(B16,Véhicules!$A$5:$D$14,4,FALSE()),"") -> 14.5 | K16: =IFERROR(IF(OR(I16="",J16="",J16=0),"",(I16-J16)/J16),"") -> 0.011494253 | L16: =IF(K16="","",IF(ABS(K16)>0.15,"ANOMALIE","OK")) -> OK | M16: =IF(A16="","",TEXT(A16,"yyyy-mm")) -> 2026-03
... A22: 2026-03-25 | B22: V-03 | C22: Patrick Bahati | D22: Convoi bloqué check-point Rutshuru — cf. étude de cas Module 03 | E22: 61660 | F22: 61710 | G22: =IF(AND(E22<>"",F22<>""),F22-E22,"") -> 50 | H22: 9.1 | I22: =IFERROR(IF(OR(G22="",G22=0),"",(H22/G22)*100),"") -> 18.2 | J22: =IFERROR(VLOOKUP(B22,Véhicules!$A$5:$D$14,4,FALSE()),"") -> 15 | K22: =IFERROR(IF(OR(I22="",J22="",J22=0),"",(I22-J22)/J22),"") -> 0.21333333 | L22: =IF(K22="","",IF(ABS(K22)>0.15,"ANOMALIE","OK")) -> ANOMALIE | M22: =IF(A22="","",TEXT(A22,"yyyy-mm")) -> 2026-03
G23: =IF(AND(E23<>"",F23<>""),F23-E23,"") | I23: =IFERROR(IF(OR(G23="",G23=0),"",(H23/G23)*100),"") | J23: =IFERROR(VLOOKUP(B23,Véhicules!$A$5:$D$14,4,FALSE()),"") | K23: =IFERROR(IF(OR(I23="",J23="",J23=0),"",(I23-J23)/J23),"") | L23: =IF(K23="","",IF(ABS(K23)>0.15,"ANOMALIE","OK")) | M23: =IF(A23="","",TEXT(A23,"yyyy-mm"))
G24: =IF(AND(E24<>"",F24<>""),F24-E24,"") | I24: =IFERROR(IF(OR(G24="",G24=0),"",(H24/G24)*100),"") | J24: =IFERROR(VLOOKUP(B24,Véhicules!$A$5:$D$14,4,FALSE()),"") | K24: =IFERROR(IF(OR(I24="",J24="",J24=0),"",(I24-J24)/J24),"") | L24: =IF(K24="","",IF(ABS(K24)>0.15,"ANOMALIE","OK")) | M24: =IF(A24="","",TEXT(A24,"yyyy-mm"))
G25: =IF(AND(E25<>"",F25<>""),F25-E25,"") | I25: =IFERROR(IF(OR(G25="",G25=0),"",(H25/G25)*100),"") | J25: =IFERROR(VLOOKUP(B25,Véhicules!$A$5:$D$14,4,FALSE()),"") | K25: =IFERROR(IF(OR(I25="",J25="",J25=0),"",(I25-J25)/J25),"") | L25: =IF(K25="","",IF(ABS(K25)>0.15,"ANOMALIE","OK")) | M25: =IF(A25="","",TEXT(A25,"yyyy-mm"))
G26: =IF(AND(E26<>"",F26<>""),F26-E26,"") | I26: =IFERROR(IF(OR(G26="",G26=0),"",(H26/G26)*100),"") | J26: =IFERROR(VLOOKUP(B26,Véhicules!$A$5:$D$14,4,FALSE()),"") | K26: =IFERROR(IF(OR(I26="",J26="",J26=0),"",(I26-J26)/J26),"") | L26: =IF(K26="","",IF(ABS(K26)>0.15,"ANOMALIE","OK")) | M26: =IF(A26="","",TEXT(A26,"yyyy-mm"))
G27: =IF(AND(E27<>"",F27<>""),F27-E27,"") | I27: =IFERROR(IF(OR(G27="",G27=0),"",(H27/G27)*100),"") | J27: =IFERROR(VLOOKUP(B27,Véhicules!$A$5:$D$14,4,FALSE()),"") | K27: =IFERROR(IF(OR(I27="",J27="",J27=0),"",(I27-J27)/J27),"") | L27: =IF(K27="","",IF(ABS(K27)>0.15,"ANOMALIE","OK")) | M27: =IF(A27="","",TEXT(A27,"yyyy-mm"))
G28: =IF(AND(E28<>"",F28<>""),F28-E28,"") | I28: =IFERROR(IF(OR(G28="",G28=0),"",(H28/G28)*100),"") | J28: =IFERROR(VLOOKUP(B28,Véhicules!$A$5:$D$14,4,FALSE()),"") | K28: =IFERROR(IF(OR(I28="",J28="",J28=0),"",(I28-J28)/J28),"") | L28: =IF(K28="","",IF(ABS(K28)>0.15,"ANOMALIE","OK")) | M28: =IF(A28="","",TEXT(A28,"yyyy-mm"))
G29: =IF(AND(E29<>"",F29<>""),F29-E29,"") | I29: =IFERROR(IF(OR(G29="",G29=0),"",(H29/G29)*100),"") | J29: =IFERROR(VLOOKUP(B29,Véhicules!$A$5:$D$14,4,FALSE()),"") | K29: =IFERROR(IF(OR(I29="",J29="",J29=0),"",(I29-J29)/J29),"") | L29: =IF(K29="","",IF(ABS(K29)>0.15,"ANOMALIE","OK")) | M29: =IF(A29="","",TEXT(A29,"yyyy-mm"))
G30: =IF(AND(E30<>"",F30<>""),F30-E30,"") | I30: =IFERROR(IF(OR(G30="",G30=0),"",(H30/G30)*100),"") | J30: =IFERROR(VLOOKUP(B30,Véhicules!$A$5:$D$14,4,FALSE()),"") | K30: =IFERROR(IF(OR(I30="",J30="",J30=0),"",(I30-J30)/J30),"") | L30: =IF(K30="","",IF(ABS(K30)>0.15,"ANOMALIE","OK")) | M30: =IF(A30="","",TEXT(A30,"yyyy-mm"))
G31: =IF(AND(E31<>"",F31<>""),F31-E31,"") | I31: =IFERROR(IF(OR(G31="",G31=0),"",(H31/G31)*100),"") | J31: =IFERROR(VLOOKUP(B31,Véhicules!$A$5:$D$14,4,FALSE()),"") | K31: =IFERROR(IF(OR(I31="",J31="",J31=0),"",(I31-J31)/J31),"") | L31: =IF(K31="","",IF(ABS(K31)>0.15,"ANOMALIE","OK")) | M31: =IF(A31="","",TEXT(A31,"yyyy-mm"))
G32: =IF(AND(E32<>"",F32<>""),F32-E32,"") | I32: =IFERROR(IF(OR(G32="",G32=0),"",(H32/G32)*100),"") | J32: =IFERROR(VLOOKUP(B32,Véhicules!$A$5:$D$14,4,FALSE()),"") | K32: =IFERROR(IF(OR(I32="",J32="",J32=0),"",(I32-J32)/J32),"") | L32: =IF(K32="","",IF(ABS(K32)>0.15,"ANOMALIE","OK")) | M32: =IF(A32="","",TEXT(A32,"yyyy-mm"))
G33: =IF(AND(E33<>"",F33<>""),F33-E33,"") | I33: =IFERROR(IF(OR(G33="",G33=0),"",(H33/G33)*100),"") | J33: =IFERROR(VLOOKUP(B33,Véhicules!$A$5:$D$14,4,FALSE()),"") | K33: =IFERROR(IF(OR(I33="",J33="",J33=0),"",(I33-J33)/J33),"") | L33: =IF(K33="","",IF(ABS(K33)>0.15,"ANOMALIE","OK")) | M33: =IF(A33="","",TEXT(A33,"yyyy-mm"))
G34: =IF(AND(E34<>"",F34<>""),F34-E34,"") | I34: =IFERROR(IF(OR(G34="",G34=0),"",(H34/G34)*100),"") | J34: =IFERROR(VLOOKUP(B34,Véhicules!$A$5:$D$14,4,FALSE()),"") | K34: =IFERROR(IF(OR(I34="",J34="",J34=0),"",(I34-J34)/J34),"") | L34: =IF(K34="","",IF(ABS(K34)>0.15,"ANOMALIE","OK")) | M34: =IF(A34="","",TEXT(A34,"yyyy-mm"))
... G40: =IF(AND(E40<>"",F40<>""),F40-E40,"") | I40: =IFERROR(IF(OR(G40="",G40=0),"",(H40/G40)*100),"") | J40: =IFERROR(VLOOKUP(B40,Véhicules!$A$5:$D$14,4,FALSE()),"") | K40: =IFERROR(IF(OR(I40="",J40="",J40=0),"",(I40-J40)/J40),"") | L40: =IF(K40="","",IF(ABS(K40)>0.15,"ANOMALIE","OK")) | M40: =IF(A40="","",TEXT(A40,"yyyy-mm"))
A42: Légende : les colonnes Km parcourus, Conso. /100km, Conso. théorique, Écart et Anomalie se calculent automatiquement. Seuil d'alerte : écart > 15% par rapport à la consommation théorique du véhicule.

Sheet Entretien
A1: SUIVI ENTRETIEN & RÉPARATIONS
A2: Module 03 — Gestion de Flotte & Transport en Zones Complexes — BK-BOOST Ltd.
A4: Date | B4: Immatriculation | C4: Type d'intervention | D4: Kilométrage | E4: Coût (USD) | F4: Mois
A5: 2026-03-11 | B5: V-01 | C5: Vidange + filtres | D5: 40250 | E5: 85 | F5: =IF(A5="","",TEXT(A5,"yyyy-mm")) -> 2026-03
A6: 2026-03-08 | B6: V-03 | C6: Contrôle freins + plaquettes | D6: 61460 | E6: 140 | F6: =IF(A6="","",TEXT(A6,"yyyy-mm")) -> 2026-03
A7: 2026-03-14 | B7: V-02 | C7: Pneus (2x avant) | D7: 15340 | E7: 220 | F7: =IF(A7="","",TEXT(A7,"yyyy-mm")) -> 2026-03
A8: 2026-03-13 | B8: V-04 | C8: Vidange + filtres | D8: 22170 | E8: 80 | F8: =IF(A8="","",TEXT(A8,"yyyy-mm")) -> 2026-03
A9: 2026-03-19 | B9: V-03 | C9: Réparation suspension | D9: 61610 | E9: 310 | F9: =IF(A9="","",TEXT(A9,"yyyy-mm")) -> 2026-03
F10: =IF(A10="","",TEXT(A10,"yyyy-mm"))
F11: =IF(A11="","",TEXT(A11,"yyyy-mm"))
F12: =IF(A12="","",TEXT(A12,"yyyy-mm"))
F13: =IF(A13="","",TEXT(A13,"yyyy-mm"))
F14: =IF(A14="","",TEXT(A14,"yyyy-mm"))
F15: =IF(A15="","",TEXT(A15,"yyyy-mm"))
F16: =IF(A16="","",TEXT(A16,"yyyy-mm"))
F17: =IF(A17="","",TEXT(A17,"yyyy-mm"))
F18: =IF(A18="","",TEXT(A18,"yyyy-mm"))
F19: =IF(A19="","",TEXT(A19,"yyyy-mm"))
F20: =IF(A20="","",TEXT(A20,"yyyy-mm"))
A22: Légende : ajoutez une ligne à chaque intervention d'entretien ou de réparation. Ces coûts alimentent automatiquement le Tableau de bord.

Sheet Tableau de bord
A1: TABLEAU DE BORD FLOTTE
A2: Calculé automatiquement à partir des onglets Trajets et Entretien — ne pas modifier les formules.
A4: Paramètres
A5: Prix du carburant (USD/L) | B5: 1.8 | D5: Modifiez ces deux cellules pour recalculer les synthèses ci-dessous pour un autre mois ou un autre prix du carburant.
A6: Mois analysé (AAAA-MM) | B6: 2026-03
A8: Synthèse par véhicule — mois sélectionné
A9: Immatriculation | B9: Km parcourus | C9: Carburant (L) | D9: Coût carburant (USD) | E9: Coût entretien (USD) | F9: Coût total (USD) | G9: Coût / km (USD)
A10: =Véhicules!A5 -> V-01 | B10: =SUMIFS(Trajets!$G$5:$G$40,Trajets!$B$5:$B$40,A10,Trajets!$M$5:$M$40,$B$6) -> 212 | C10: =SUMIFS(Trajets!$H$5:$H$40,Trajets!$B$5:$B$40,A10,Trajets!$M$5:$M$40,$B$6) -> 31.3 | D10: =C10*$B$5 -> 56.34 | E10: =SUMIFS(Entretien!$E$5:$E$20,Entretien!$B$5:$B$20,A10,Entretien!$F$5:$F$20,$B$6) -> 85 | F10: =D10+E10 -> 141.34 | G10: =IFERROR(IF(B10=0,"",F10/B10),"") -> 0.66669811
A11: =Véhicules!A6 -> V-02 | B11: =SUMIFS(Trajets!$G$5:$G$40,Trajets!$B$5:$B$40,A11,Trajets!$M$5:$M$40,$B$6) -> 150 | C11: =SUMIFS(Trajets!$H$5:$H$40,Trajets!$B$5:$B$40,A11,Trajets!$M$5:$M$40,$B$6) -> 16.6 | D11: =C11*$B$5 -> 29.88 | E11: =SUMIFS(Entretien!$E$5:$E$20,Entretien!$B$5:$B$20,A11,Entretien!$F$5:$F$20,$B$6) -> 220 | F11: =D11+E11 -> 249.88 | G11: =IFERROR(IF(B11=0,"",F11/B11),"") -> 1.6658667
A12: =Véhicules!A7 -> V-03 | B12: =SUMIFS(Trajets!$G$5:$G$40,Trajets!$B$5:$B$40,A12,Trajets!$M$5:$M$40,$B$6) -> 300 | C12: =SUMIFS(Trajets!$H$5:$H$40,Trajets!$B$5:$B$40,A12,Trajets!$M$5:$M$40,$B$6) -> 51.1 | D12: =C12*$B$5 -> 91.98 | E12: =SUMIFS(Entretien!$E$5:$E$20,Entretien!$B$5:$B$20,A12,Entretien!$F$5:$F$20,$B$6) -> 450 | F12: =D12+E12 -> 541.98 | G12: =IFERROR(IF(B12=0,"",F12/B12),"") -> 1.8066
A13: =Véhicules!A8 -> V-04 | B13: =SUMIFS(Trajets!$G$5:$G$40,Trajets!$B$5:$B$40,A13,Trajets!$M$5:$M$40,$B$6) -> 90 | C13: =SUMIFS(Trajets!$H$5:$H$40,Trajets!$B$5:$B$40,A13,Trajets!$M$5:$M$40,$B$6) -> 11.1 | D13: =C13*$B$5 -> 19.98 | E13: =SUMIFS(Entretien!$E$5:$E$20,Entretien!$B$5:$B$20,A13,Entretien!$F$5:$F$20,$B$6) -> 80 | F13: =D13+E13 -> 99.98 | G13: =IFERROR(IF(B13=0,"",F13/B13),"") -> 1.1108889
A14: TOTAL FLOTTE | B14: =SUM(B10:B13) -> 752 | C14: =SUM(C10:C13) -> 110.1 | D14: =SUM(D10:D13) -> 198.18 | E14: =SUM(E10:E13) -> 835 | F14: =SUM(F10:F13) -> 1033.18 | G14: =IFERROR(IF(B14=0,"",F14/B14),"") -> 1.3739096
A16: Synthèse par conducteur — mois sélectionné
A17: Conducteur | B17: Nb. trajets | C17: Km parcourus | D17: Conso. moyenne /100km | E17: Écart moyen vs théorique
A18: Jean-Pierre Mumbere | B18: =COUNTIFS(Trajets!$C$5:$C$40,A18,Trajets!$M$5:$M$40,$B$6) -> 5 | C18: =SUMIFS(Trajets!$G$5:$G$40,Trajets!$C$5:$C$40,A18,Trajets!$M$5:$M$40,$B$6) -> 212 | D18: =IFERROR(AVERAGEIFS(Trajets!$I$5:$I$40,Trajets!$C$5:$C$40,A18,Trajets!$M$5:$M$40,$B$6),"") -> 14.718182 | E18: =IFERROR(AVERAGEIFS(Trajets!$K$5:$K$40,Trajets!$C$5:$C$40,A18,Trajets!$M$5:$M$40,$B$6),"") -> 0.015047022
A19: Alice Kavira | B19: =COUNTIFS(Trajets!$C$5:$C$40,A19,Trajets!$M$5:$M$40,$B$6) -> 4 | C19: =SUMIFS(Trajets!$G$5:$G$40,Trajets!$C$5:$C$40,A19,Trajets!$M$5:$M$40,$B$6) -> 150 | D19: =IFERROR(AVERAGEIFS(Trajets!$I$5:$I$40,Trajets!$C$5:$C$40,A19,Trajets!$M$5:$M$40,$B$6),"") -> 11.044643 | E19: =IFERROR(AVERAGEIFS(Trajets!$K$5:$K$40,Trajets!$C$5:$C$40,A19,Trajets!$M$5:$M$40,$B$6),"") -> 0.0040584416
A20: Patrick Bahati | B20: =COUNTIFS(Trajets!$C$5:$C$40,A20,Trajets!$M$5:$M$40,$B$6) -> 6 | C20: =SUMIFS(Trajets!$G$5:$G$40,Trajets!$C$5:$C$40,A20,Trajets!$M$5:$M$40,$B$6) -> 300 | D20: =IFERROR(AVERAGEIFS(Trajets!$I$5:$I$40,Trajets!$C$5:$C$40,A20,Trajets!$M$5:$M$40,$B$6),"") -> 17.033333 | E20: =IFERROR(AVERAGEIFS(Trajets!$K$5:$K$40,Trajets!$C$5:$C$40,A20,Trajets!$M$5:$M$40,$B$6),"") -> 0.13555556
A21: Espoir Katembo | B21: =COUNTIFS(Trajets!$C$5:$C$40,A21,Trajets!$M$5:$M$40,$B$6) -> 3 | C21: =SUMIFS(Trajets!$G$5:$G$40,Trajets!$C$5:$C$40,A21,Trajets!$M$5:$M$40,$B$6) -> 90 | D21: =IFERROR(AVERAGEIFS(Trajets!$I$5:$I$40,Trajets!$C$5:$C$40,A21,Trajets!$M$5:$M$40,$B$6),"") -> 12.333333 | E21: =IFERROR(AVERAGEIFS(Trajets!$K$5:$K$40,Trajets!$C$5:$C$40,A21,Trajets!$M$5:$M$40,$B$6),"") -> -0.013333333
A23: Légende : ce tableau de bord agrège automatiquement les données des onglets Trajets et Entretien par véhicule et par conducteur, pour le mois indiqué en B6. Les cellules en surbrillance jaune (B5, B6) sont les seules à modifier manuellement.
