Workbook

Sheet Reception-CQ
A1: BON DE RÉCEPTION & CONTRÔLE QUALITÉ
A2: Module 04 — Gestion des Stocks & Entrepôts — BK-BOOST Ltd. — Ne signez aucun bon de livraison transporteur avant d'avoir complété ce document. Seuil de tolérance d'écart : 2 % de la quantité attendue (au-delà, la ligne est signalée « Écart significatif »).
A3: PO n° : ________________ | D3: Fournisseur : ________________ | G3: Date de réception : ________________ | I3: Reçu par : ________________
A4: Réf. PO | B4: Article | C4: N° de lot | D4: Qté attendue (PO) | E4: Qté reçue | F4: Écart | G4: Résultat contrôle qualité | H4: Motif / observation | I4: Décision | J4: Statut
A5: HTI-2026-0311 | B5: Suppléments nutritionnels RUTF (carton de 150 sachets) | C5: N2026-118 | D5: 450 | E5: 450 | F5: =IF(OR(D5="",E5=""),"",E5-D5) -> 0 | G5: Conforme | H5: Emballages intacts, étiquetage conforme, péremption 7 mois. | J5: =IF(OR(D5="",E5=""),"",IF(D5=0,"",IF(ABS(F5)/D5>0.02,"ÉCART SIGNIFICATIF",IF(F5=0,"CONFORME","À VÉRIFIER")))) -> CONFORME
A6: HTI-2026-0311 | B6: Suppléments nutritionnels RUTF (carton de 150 sachets) | C6: N2026-121 | D6: 150 | E6: 130 | F6: =IF(OR(D6="",E6=""),"",E6-D6) -> -20 | G6: Non conforme (12 cartons endommagés) | H6: 12 cartons écrasés/humides, décoloration visible ; 18 cartons manquants au comptage. | J6: =IF(OR(D6="",E6=""),"",IF(D6=0,"",IF(ABS(F6)/D6>0.02,"ÉCART SIGNIFICATIF",IF(F6=0,"CONFORME","À VÉRIFIER")))) -> ÉCART SIGNIFICATIF
F7: =IF(OR(D7="",E7=""),"",E7-D7) | J7: =IF(OR(D7="",E7=""),"",IF(D7=0,"",IF(ABS(F7)/D7>0.02,"ÉCART SIGNIFICATIF",IF(F7=0,"CONFORME","À VÉRIFIER"))))
F8: =IF(OR(D8="",E8=""),"",E8-D8) | J8: =IF(OR(D8="",E8=""),"",IF(D8=0,"",IF(ABS(F8)/D8>0.02,"ÉCART SIGNIFICATIF",IF(F8=0,"CONFORME","À VÉRIFIER"))))
F9: =IF(OR(D9="",E9=""),"",E9-D9) | J9: =IF(OR(D9="",E9=""),"",IF(D9=0,"",IF(ABS(F9)/D9>0.02,"ÉCART SIGNIFICATIF",IF(F9=0,"CONFORME","À VÉRIFIER"))))
F10: =IF(OR(D10="",E10=""),"",E10-D10) | J10: =IF(OR(D10="",E10=""),"",IF(D10=0,"",IF(ABS(F10)/D10>0.02,"ÉCART SIGNIFICATIF",IF(F10=0,"CONFORME","À VÉRIFIER"))))
F11: =IF(OR(D11="",E11=""),"",E11-D11) | J11: =IF(OR(D11="",E11=""),"",IF(D11=0,"",IF(ABS(F11)/D11>0.02,"ÉCART SIGNIFICATIF",IF(F11=0,"CONFORME","À VÉRIFIER"))))
F12: =IF(OR(D12="",E12=""),"",E12-D12) | J12: =IF(OR(D12="",E12=""),"",IF(D12=0,"",IF(ABS(F12)/D12>0.02,"ÉCART SIGNIFICATIF",IF(F12=0,"CONFORME","À VÉRIFIER"))))
F13: =IF(OR(D13="",E13=""),"",E13-D13) | J13: =IF(OR(D13="",E13=""),"",IF(D13=0,"",IF(ABS(F13)/D13>0.02,"ÉCART SIGNIFICATIF",IF(F13=0,"CONFORME","À VÉRIFIER"))))
F14: =IF(OR(D14="",E14=""),"",E14-D14) | J14: =IF(OR(D14="",E14=""),"",IF(D14=0,"",IF(ABS(F14)/D14>0.02,"ÉCART SIGNIFICATIF",IF(F14=0,"CONFORME","À VÉRIFIER"))))
F15: =IF(OR(D15="",E15=""),"",E15-D15) | J15: =IF(OR(D15="",E15=""),"",IF(D15=0,"",IF(ABS(F15)/D15>0.02,"ÉCART SIGNIFICATIF",IF(F15=0,"CONFORME","À VÉRIFIER"))))
F16: =IF(OR(D16="",E16=""),"",E16-D16) | J16: =IF(OR(D16="",E16=""),"",IF(D16=0,"",IF(ABS(F16)/D16>0.02,"ÉCART SIGNIFICATIF",IF(F16=0,"CONFORME","À VÉRIFIER"))))
F17: =IF(OR(D17="",E17=""),"",E17-D17) | J17: =IF(OR(D17="",E17=""),"",IF(D17=0,"",IF(ABS(F17)/D17>0.02,"ÉCART SIGNIFICATIF",IF(F17=0,"CONFORME","À VÉRIFIER"))))
F18: =IF(OR(D18="",E18=""),"",E18-D18) | J18: =IF(OR(D18="",E18=""),"",IF(D18=0,"",IF(ABS(F18)/D18>0.02,"ÉCART SIGNIFICATIF",IF(F18=0,"CONFORME","À VÉRIFIER"))))
... F24: =IF(OR(D24="",E24=""),"",E24-D24) | J24: =IF(OR(D24="",E24=""),"",IF(D24=0,"",IF(ABS(F24)/D24>0.02,"ÉCART SIGNIFICATIF",IF(F24=0,"CONFORME","À VÉRIFIER"))))
A25: Décision : Accepté intégralement / Accepté partiellement (préciser quantité et motif) / Rejeté totalement. Toute décision de rejet doit être communiquée par écrit au fournisseur — voir Module 04, Étape 8.

Sheet Synthese-Ecarts
A1: SYNTHÈSE DES ÉCARTS DE RÉCEPTION
A2: Calculée automatiquement à partir de l'onglet Reception-CQ — ne pas modifier les formules.
A4: Indicateur | B4: Valeur
A5: Nombre de lignes contrôlées | B5: =COUNTA('Reception-CQ'!A5:A24) -> 2
A6: Lignes conformes | B6: =COUNTIF('Reception-CQ'!J5:J24,"CONFORME") -> 1
A7: Lignes à vérifier | B7: =COUNTIF('Reception-CQ'!J5:J24,"À VÉRIFIER") -> 0
A8: Lignes en écart significatif | B8: =COUNTIF('Reception-CQ'!J5:J24,"ÉCART SIGNIFICATIF") -> 1
A9: Écart total (quantité, toutes lignes) | B9: =SUM('Reception-CQ'!F5:F24) -> -20
