Workbook

Sheet Banque histoires STAR
A1: BANQUE D'HISTOIRES STAR — PRÉPARATION ENTRETIEN
A2: Module 05 — Simulation d'Entretiens — Méthode STAR Maîtrisée · BK-BOOST Ltd.
A3: Une ligne = une histoire. Remplissez Situation / Tâche / Action séparément. Le Résultat doit contenir un chiffre, un %, ou un élément clairement observable.
A4: Compétence | B4: Situation | C4: Tâche | D4: Action | E4: Résultat (chiffré / observable) | F4: Complétude de la ligne
A5: EXEMPLE — Gestion de conflit | B5: Projet de distribution alimentaire d'urgence, désaccord avec le collègue logistique sur la priorisation des zones, délai de 48h à respecter. | C5: En tant que coordinateur du projet, trancher rapidement sans écarter l'expertise logistique de mon collègue. | D5: Réunion de 30 minutes le jour même, comparaison des critères de priorisation avec les données disponibles, proposition d'un compromis basé sur les données de vulnérabilité les plus récentes. | E5: Convoi parti dans les délais ; grille de critères communs formalisée et réutilisée sur 3 opérations suivantes. | F5: =IF(OR(A5="",B5="",C5="",D5="",E5=""),"Incomplète — champ manquant",IF(SUMPRODUCT(--ISNUMBER(SEARCH({"0","1","2","3","4","5","6","7","8","9"},E5)))>0,"OK — prête pour l'entretien","A COMPLETER — résultat non chiffré"))
A6: Leadership | F6: =IF(OR(A6="",B6="",C6="",D6="",E6=""),"Incomplète — champ manquant",IF(SUMPRODUCT(--ISNUMBER(SEARCH({"0","1","2","3","4","5","6","7","8","9"},E6)))>0,"OK — prête pour l'entretien","A COMPLETER — résultat non chiffré"))
A7: Gestion de conflit | F7: =IF(OR(A7="",B7="",C7="",D7="",E7=""),"Incomplète — champ manquant",IF(SUMPRODUCT(--ISNUMBER(SEARCH({"0","1","2","3","4","5","6","7","8","9"},E7)))>0,"OK — prête pour l'entretien","A COMPLETER — résultat non chiffré"))
A8: Résolution de problème sous pression | F8: =IF(OR(A8="",B8="",C8="",D8="",E8=""),"Incomplète — champ manquant",IF(SUMPRODUCT(--ISNUMBER(SEARCH({"0","1","2","3","4","5","6","7","8","9"},E8)))>0,"OK — prête pour l'entretien","A COMPLETER — résultat non chiffré"))
A9: Travail d'équipe multiculturel | F9: =IF(OR(A9="",B9="",C9="",D9="",E9=""),"Incomplète — champ manquant",IF(SUMPRODUCT(--ISNUMBER(SEARCH({"0","1","2","3","4","5","6","7","8","9"},E9)))>0,"OK — prête pour l'entretien","A COMPLETER — résultat non chiffré"))
A10: Communication avec parties prenantes | F10: =IF(OR(A10="",B10="",C10="",D10="",E10=""),"Incomplète — champ manquant",IF(SUMPRODUCT(--ISNUMBER(SEARCH({"0","1","2","3","4","5","6","7","8","9"},E10)))>0,"OK — prête pour l'entretien","A COMPLETER — résultat non chiffré"))
A11: Gestion du changement / adaptabilité | F11: =IF(OR(A11="",B11="",C11="",D11="",E11=""),"Incomplète — champ manquant",IF(SUMPRODUCT(--ISNUMBER(SEARCH({"0","1","2","3","4","5","6","7","8","9"},E11)))>0,"OK — prête pour l'entretien","A COMPLETER — résultat non chiffré"))
A12: Prise de décision avec informations incomplètes | F12: =IF(OR(A12="",B12="",C12="",D12="",E12=""),"Incomplète — champ manquant",IF(SUMPRODUCT(--ISNUMBER(SEARCH({"0","1","2","3","4","5","6","7","8","9"},E12)))>0,"OK — prête pour l'entretien","A COMPLETER — résultat non chiffré"))
A13: Échec assumé / apprentissage | F13: =IF(OR(A13="",B13="",C13="",D13="",E13=""),"Incomplète — champ manquant",IF(SUMPRODUCT(--ISNUMBER(SEARCH({"0","1","2","3","4","5","6","7","8","9"},E13)))>0,"OK — prête pour l'entretien","A COMPLETER — résultat non chiffré"))

Sheet Synthèse couverture
A1: SYNTHÈSE DE COUVERTURE DES COMPÉTENCES
A2: Calculée automatiquement à partir de l'onglet 'Banque histoires STAR' — ne pas modifier les formules.
A3: Ajoutez vos propres compétences cibles en colonne A si votre secteur en exige d'autres.
A4: Compétence cible | B4: Histoire préparée ? | C4: Statut
A5: Leadership | B5: =COUNTIFS('Banque histoires STAR'!$A$5:$A$13,A5,'Banque histoires STAR'!$F$5:$F$13,"OK — prête pour l'entretien") | C5: =IF(B5>=1,"Prête","A préparer")
A6: Gestion de conflit | B6: =COUNTIFS('Banque histoires STAR'!$A$5:$A$13,A6,'Banque histoires STAR'!$F$5:$F$13,"OK — prête pour l'entretien") | C6: =IF(B6>=1,"Prête","A préparer")
A7: Résolution de problème sous pression | B7: =COUNTIFS('Banque histoires STAR'!$A$5:$A$13,A7,'Banque histoires STAR'!$F$5:$F$13,"OK — prête pour l'entretien") | C7: =IF(B7>=1,"Prête","A préparer")
A8: Travail d'équipe multiculturel | B8: =COUNTIFS('Banque histoires STAR'!$A$5:$A$13,A8,'Banque histoires STAR'!$F$5:$F$13,"OK — prête pour l'entretien") | C8: =IF(B8>=1,"Prête","A préparer")
A9: Communication avec parties prenantes | B9: =COUNTIFS('Banque histoires STAR'!$A$5:$A$13,A9,'Banque histoires STAR'!$F$5:$F$13,"OK — prête pour l'entretien") | C9: =IF(B9>=1,"Prête","A préparer")
A10: Gestion du changement / adaptabilité | B10: =COUNTIFS('Banque histoires STAR'!$A$5:$A$13,A10,'Banque histoires STAR'!$F$5:$F$13,"OK — prête pour l'entretien") | C10: =IF(B10>=1,"Prête","A préparer")
A11: Prise de décision avec informations incomplètes | B11: =COUNTIFS('Banque histoires STAR'!$A$5:$A$13,A11,'Banque histoires STAR'!$F$5:$F$13,"OK — prête pour l'entretien") | C11: =IF(B11>=1,"Prête","A préparer")
A12: Échec assumé / apprentissage | B12: =COUNTIFS('Banque histoires STAR'!$A$5:$A$13,A12,'Banque histoires STAR'!$F$5:$F$13,"OK — prête pour l'entretien") | C12: =IF(B12>=1,"Prête","A préparer")
A14: Total compétences couvertes | B14: =COUNTIF(C5:C12,"Prête")
A15: Compétences encore à préparer | B15: =COUNTIF(C5:C12,"A préparer")
