Workbook

Sheet Grille
A1: GRILLE DE VÉRIFICATION DES PIÈCES COMPTABLES
A2: Module 04 — Audit Financier & Comptable — BK-BOOST Ltd.
A4: Réf. transaction | B4: Date | C4: Mois (auto) | D4: Fournisseur / Bénéficiaire | E4: Montant ($) | F4: Ligne budgétaire | G4: Contrat/BC (O/N) | H4: Facture (O/N) | I4: Preuve paiement (O/N) | J4: Score complétude | K4: Légitimité (évaluation) | L4: Éligible ligne budgétaire (O/N) | M4: Statut global
A5: TX-2026-014 | B5: 46085 | C5: =IF(B5="","",YEAR(B5)&"-"&TEXT(MONTH(B5),"00")) -> 2026-03 | D5: Garage Bin Auto (entretien véhicule) | E5: 340 | F5: Logistique - Entretien flotte | G5: O | H5: O | I5: O | J5: =IF(COUNTA(G5:I5)=0,"",COUNTIF(G5:I5,"O")/3) -> 1 | K5: Légitime | L5: O | M5: =IF(OR(D5="",E5=""),"",IF(AND(J5=1,K5="Légitime",L5="O"),"Conforme","À examiner")) -> Conforme
A6: TX-2026-015 | B6: 46092 | C6: =IF(B6="","",YEAR(B6)&"-"&TEXT(MONTH(B6),"00")) -> 2026-03 | D6: Hôtel Concorde (atelier formation staff) | E6: 1250 | F6: Formation - Ateliers | G6: O | H6: O | I6: N | J6: =IF(COUNTA(G6:I6)=0,"",COUNTIF(G6:I6,"O")/3) -> 0.66666667 | K6: À approfondir | L6: O | M6: =IF(OR(D6="",E6=""),"",IF(AND(J6=1,K6="Légitime",L6="O"),"Conforme","À examiner")) -> À examiner
A7: TX-2026-016 | B7: 46100 | C7: =IF(B7="","",YEAR(B7)&"-"&TEXT(MONTH(B7),"00")) -> 2026-03 | D7: Ets. Kavira Fournitures | E7: 480 | F7: Administration - Fournitures bureau | G7: N | H7: O | I7: O | J7: =IF(COUNTA(G7:I7)=0,"",COUNTIF(G7:I7,"O")/3) -> 0.66666667 | K7: À approfondir | L7: O | M7: =IF(OR(D7="",E7=""),"",IF(AND(J7=1,K7="Légitime",L7="O"),"Conforme","À examiner")) -> À examiner
C8: =IF(B8="","",YEAR(B8)&"-"&TEXT(MONTH(B8),"00")) | J8: =IF(COUNTA(G8:I8)=0,"",COUNTIF(G8:I8,"O")/3) | M8: =IF(OR(D8="",E8=""),"",IF(AND(J8=1,K8="Légitime",L8="O"),"Conforme","À examiner"))
C9: =IF(B9="","",YEAR(B9)&"-"&TEXT(MONTH(B9),"00")) | J9: =IF(COUNTA(G9:I9)=0,"",COUNTIF(G9:I9,"O")/3) | M9: =IF(OR(D9="",E9=""),"",IF(AND(J9=1,K9="Légitime",L9="O"),"Conforme","À examiner"))
C10: =IF(B10="","",YEAR(B10)&"-"&TEXT(MONTH(B10),"00")) | J10: =IF(COUNTA(G10:I10)=0,"",COUNTIF(G10:I10,"O")/3) | M10: =IF(OR(D10="",E10=""),"",IF(AND(J10=1,K10="Légitime",L10="O"),"Conforme","À examiner"))
C11: =IF(B11="","",YEAR(B11)&"-"&TEXT(MONTH(B11),"00")) | J11: =IF(COUNTA(G11:I11)=0,"",COUNTIF(G11:I11,"O")/3) | M11: =IF(OR(D11="",E11=""),"",IF(AND(J11=1,K11="Légitime",L11="O"),"Conforme","À examiner"))
C12: =IF(B12="","",YEAR(B12)&"-"&TEXT(MONTH(B12),"00")) | J12: =IF(COUNTA(G12:I12)=0,"",COUNTIF(G12:I12,"O")/3) | M12: =IF(OR(D12="",E12=""),"",IF(AND(J12=1,K12="Légitime",L12="O"),"Conforme","À examiner"))
C13: =IF(B13="","",YEAR(B13)&"-"&TEXT(MONTH(B13),"00")) | J13: =IF(COUNTA(G13:I13)=0,"",COUNTIF(G13:I13,"O")/3) | M13: =IF(OR(D13="",E13=""),"",IF(AND(J13=1,K13="Légitime",L13="O"),"Conforme","À examiner"))
C14: =IF(B14="","",YEAR(B14)&"-"&TEXT(MONTH(B14),"00")) | J14: =IF(COUNTA(G14:I14)=0,"",COUNTIF(G14:I14,"O")/3) | M14: =IF(OR(D14="",E14=""),"",IF(AND(J14=1,K14="Légitime",L14="O"),"Conforme","À examiner"))
C15: =IF(B15="","",YEAR(B15)&"-"&TEXT(MONTH(B15),"00")) | J15: =IF(COUNTA(G15:I15)=0,"",COUNTIF(G15:I15,"O")/3) | M15: =IF(OR(D15="",E15=""),"",IF(AND(J15=1,K15="Légitime",L15="O"),"Conforme","À examiner"))
C16: =IF(B16="","",YEAR(B16)&"-"&TEXT(MONTH(B16),"00")) | J16: =IF(COUNTA(G16:I16)=0,"",COUNTIF(G16:I16,"O")/3) | M16: =IF(OR(D16="",E16=""),"",IF(AND(J16=1,K16="Légitime",L16="O"),"Conforme","À examiner"))
C17: =IF(B17="","",YEAR(B17)&"-"&TEXT(MONTH(B17),"00")) | J17: =IF(COUNTA(G17:I17)=0,"",COUNTIF(G17:I17,"O")/3) | M17: =IF(OR(D17="",E17=""),"",IF(AND(J17=1,K17="Légitime",L17="O"),"Conforme","À examiner"))
C18: =IF(B18="","",YEAR(B18)&"-"&TEXT(MONTH(B18),"00")) | J18: =IF(COUNTA(G18:I18)=0,"",COUNTIF(G18:I18,"O")/3) | M18: =IF(OR(D18="",E18=""),"",IF(AND(J18=1,K18="Légitime",L18="O"),"Conforme","À examiner"))
C19: =IF(B19="","",YEAR(B19)&"-"&TEXT(MONTH(B19),"00")) | J19: =IF(COUNTA(G19:I19)=0,"",COUNTIF(G19:I19,"O")/3) | M19: =IF(OR(D19="",E19=""),"",IF(AND(J19=1,K19="Légitime",L19="O"),"Conforme","À examiner"))
... C40: =IF(B40="","",YEAR(B40)&"-"&TEXT(MONTH(B40),"00")) | J40: =IF(COUNTA(G40:I40)=0,"",COUNTIF(G40:I40,"O")/3) | M40: =IF(OR(D40="",E40=""),"",IF(AND(J40=1,K40="Légitime",L40="O"),"Conforme","À examiner"))

Sheet Synthese-Patterns
A1: SYNTHÈSE DE L'ÉCHANTILLON & DÉTECTION DE PATTERNS
A2: Calculée automatiquement à partir de l'onglet Grille — ne pas modifier les formules.
A4: Indicateur | B4: Valeur
A5: Nombre de transactions échantillonnées | B5: =COUNTA(Grille!A5:A40) -> 3
A6: Transactions conformes (statut = Conforme) | B6: =COUNTIF(Grille!M5:M40,"Conforme") -> 1
A7: Transactions à examiner | B7: =COUNTIF(Grille!M5:M40,"À examiner") -> 2
A8: Taux de conformité de l'échantillon | B8: =IFERROR(B6/B5,0) -> 0.33333333
A11: Seuil d'autorisation retenu pour la détection ($) | B11: 500
A13: PATTERNS FOURNISSEUR / MOIS — occurrences sous le seuil d'autorisation
A15: Fournisseur / Bénéficiaire | B15: Mois (aaaa-mm) | C15: Nb transactions < seuil | D15: Montant total agrégé ($) | E15: Alerte fractionnement
A16: Ets. Kavira Fournitures | B16: 2026-03 | C16: =IF(A16="","",COUNTIFS(Grille!$D$5:$D$40,A16,Grille!$C$5:$C$40,B16,Grille!$E$5:$E$40,"<"&$B$11)) -> 1 | D16: =IF(A16="","",SUMIFS(Grille!$E$5:$E$40,Grille!$D$5:$D$40,A16,Grille!$C$5:$C$40,B16)) -> 480 | E16: =IF(A16="","",IF(C16>=3,"A investiguer","OK")) -> OK
A17: Ets. Kavira Fournitures | B17: 2026-04 | C17: =IF(A17="","",COUNTIFS(Grille!$D$5:$D$40,A17,Grille!$C$5:$C$40,B17,Grille!$E$5:$E$40,"<"&$B$11)) -> 0 | D17: =IF(A17="","",SUMIFS(Grille!$E$5:$E$40,Grille!$D$5:$D$40,A17,Grille!$C$5:$C$40,B17)) -> 0 | E17: =IF(A17="","",IF(C17>=3,"A investiguer","OK")) -> OK
C18: =IF(A18="","",COUNTIFS(Grille!$D$5:$D$40,A18,Grille!$C$5:$C$40,B18,Grille!$E$5:$E$40,"<"&$B$11)) | D18: =IF(A18="","",SUMIFS(Grille!$E$5:$E$40,Grille!$D$5:$D$40,A18,Grille!$C$5:$C$40,B18)) | E18: =IF(A18="","",IF(C18>=3,"A investiguer","OK"))
C19: =IF(A19="","",COUNTIFS(Grille!$D$5:$D$40,A19,Grille!$C$5:$C$40,B19,Grille!$E$5:$E$40,"<"&$B$11)) | D19: =IF(A19="","",SUMIFS(Grille!$E$5:$E$40,Grille!$D$5:$D$40,A19,Grille!$C$5:$C$40,B19)) | E19: =IF(A19="","",IF(C19>=3,"A investiguer","OK"))
C20: =IF(A20="","",COUNTIFS(Grille!$D$5:$D$40,A20,Grille!$C$5:$C$40,B20,Grille!$E$5:$E$40,"<"&$B$11)) | D20: =IF(A20="","",SUMIFS(Grille!$E$5:$E$40,Grille!$D$5:$D$40,A20,Grille!$C$5:$C$40,B20)) | E20: =IF(A20="","",IF(C20>=3,"A investiguer","OK"))
C21: =IF(A21="","",COUNTIFS(Grille!$D$5:$D$40,A21,Grille!$C$5:$C$40,B21,Grille!$E$5:$E$40,"<"&$B$11)) | D21: =IF(A21="","",SUMIFS(Grille!$E$5:$E$40,Grille!$D$5:$D$40,A21,Grille!$C$5:$C$40,B21)) | E21: =IF(A21="","",IF(C21>=3,"A investiguer","OK"))
C22: =IF(A22="","",COUNTIFS(Grille!$D$5:$D$40,A22,Grille!$C$5:$C$40,B22,Grille!$E$5:$E$40,"<"&$B$11)) | D22: =IF(A22="","",SUMIFS(Grille!$E$5:$E$40,Grille!$D$5:$D$40,A22,Grille!$C$5:$C$40,B22)) | E22: =IF(A22="","",IF(C22>=3,"A investiguer","OK"))
C23: =IF(A23="","",COUNTIFS(Grille!$D$5:$D$40,A23,Grille!$C$5:$C$40,B23,Grille!$E$5:$E$40,"<"&$B$11)) | D23: =IF(A23="","",SUMIFS(Grille!$E$5:$E$40,Grille!$D$5:$D$40,A23,Grille!$C$5:$C$40,B23)) | E23: =IF(A23="","",IF(C23>=3,"A investiguer","OK"))
C24: =IF(A24="","",COUNTIFS(Grille!$D$5:$D$40,A24,Grille!$C$5:$C$40,B24,Grille!$E$5:$E$40,"<"&$B$11)) | D24: =IF(A24="","",SUMIFS(Grille!$E$5:$E$40,Grille!$D$5:$D$40,A24,Grille!$C$5:$C$40,B24)) | E24: =IF(A24="","",IF(C24>=3,"A investiguer","OK"))
